file,title,headline,description,alt_text,caption,keywords,filename_suggestion,renamed_to,status,error
M16A4946.avif,Pracownik Czyścimy Wentylacje przed zleceniem czyszczenia wentylacji,Rozmowa z technikiem przed rozpoczęciem czyszczenia wentylacji metodą Rotobrush,"Zdjęcie pokazuje pracownika firmy Czyścimy Wentylacje siedzącego przy biurku w profesjonalnym biurze. Technik pracuje na komputerze, przygotowując się do realizacji zlecenia czyszczenia wentylacji metodą Rotobrush.",Techniker firmy Czyścimy Wentylacje siedzi przy biurku i pracuje na komputerze przed rozpoczęciem czyszczenia wentylacji,"Pracownik techniczny firmy Czyścimy Wentylacje siedzi przy biurku, przygotowując się do realizacji zlecenia czyszczenia wentylacji metodą Rotobrush.","czyszczenie wentylacji, pracownik techniczny, serwis wentylacji, wentylacja mechaniczna, hvac, czyścimywentylacje.com.pl, wideart.agency, rotobrush",techniker-przed-zleceniem-czyszczenia-wentylacji,techniker-przed-zleceniem-czyszczenia-wentylacji.avif,written,
M16A4951.avif,Czyscimy Wentylacje - Przygotowanie do Usługi Rotobrush,Przygotowanie przed czyszczeniem wentylacji metodą Rotobrush,Dwójka pracowników Czyścimy Wentylacje przygotowuje się do realizacji usługi czyszczenia wentylacji. Jednym z nich są widoczne czarne kable niezbędne do wykonania pracy.,"Pracownicy firmy Czyścimy Wentylacje przygotowują się do czyszczenia wentylacji, jeden z nich ma na rękach czarne kable",Dwójka pracowników Czyścimy Wentylacje przygotowuje się do realizacji usługi czyszczenia wentylacji metodą Rotobrush. Na stole leży niezbędny sprzęt.,"czyszczenie wentylacji, rotobrush, pracownik techniczny, serwis wentylacji, wentylacja mechaniczna, hvac, czyszczenie kanałów wentylacyjnych, usługi wentylacyjne",dwojka-pracownikow-przygotowanie-do-uslugi-rotobrush,dwojka-pracownikow-przygotowanie-do-uslugi-rotobrush.avif,written,
M16A4962.avif,Przygotowanie do czyszczenia wentylacji - plan budynku,Technicy przygotowują się do czyszczenia wentylacji metodą Rotobrush,"Zdjęcie przedstawia technika z mapą budynku, który przygotowuje się do realizacji usługi czyszczenia wentylacji. Na tle widoczny jest plan budynku z nazwami pomieszczeń.",Technik trzyma papier z mapą budynku przed rozpoczęciem czyszczenia wentylacji metodą Rotobrush,"Przygotowanie do czyszczenia wentylacji - technik sprawdza plan budynku, aby zapewnić skuteczne wykonanie usługi.","czyszczenie wentylacji, rotobrush, serwis wentylacji, wentylacja mechaniczna, hvac, przygotowanie do pracy, technik wentylacyjny, plan budynku",tech-preparing-for-duct-cleaning,tech-preparing-for-duct-cleaning.avif,written,
M16A4980.avif,Czyścimy Wentylacje - Przygotowanie do Czyszczenia Wentylacji,Przygotowanie i Omówienie Usług z Klientem przed Czyszczeniem Wentylacji,"Zdjęcie pokazuje etap przygotowania do czyszczenia wentylacji, w którym pracownicy rozmawiają z klientem i sprawdzają sprzęt. Serwis techniczny Czyścimy Wentylacje.","Pracownicy firmy Czyścimy Wentylacje przygotowują się do czyszczenia wentylacji, sprawdzając sprzęt przed rozpoczęciem usługi",Przed rozpoczęciem czyszczenia wentylacji pracownicy rozmawiają z klientem i przygotowują niezbędny sprzęt.,"czyszczenie wentylacji, serwis wentylacji, przygotowanie do pracy, rozmowa z klientem, sprzęt techniczny, usługi wentylacyjne, rotobrush, hvac",czyscimy-wentylacje-przygotowanie-do-czyszczenia,czyscimy-wentylacje-przygotowanie-do-czyszczenia.avif,written,
M16A4981.avif,Rozmowa przed czyszczeniem wentylacji - Czyścimy Wentylacje,Pracownicy Czyścimy Wentylacje rozmawiają przed rozpoczęciem zlecenia,"Dwaj pracownicy firmy Czyścimy Wentylacje w biurze, przygotowują się do czyszczenia wentylacji metodą Rotobrush. Jeden siedzi na krześle, drugi na stoliku z komputerem.","Dwaj pracownicy Czyścimy Wentylacje w biurze, ubrani w t-shirty z napisem 'Rotobrush', przygotowują się do czyszczenia wentylacji",Pracownicy firmy Czyścimy Wentylacje rozmawiają przed rozpoczęciem czyszczenia wentylacji metodą Rotobrush.,"czyszczenie wentylacji, rotobrush, pracownik techniczny, serwis wentylacji, wentylacja mechaniczna, hvac, czyścimy wentylacje, wideart.agency",dwojew-pracownicy-czyszczenie-wentylacji,dwojew-pracownicy-czyszczenie-wentylacji.avif,written,
M16A4991.avif,Czyścimy Wentylacje - Van z Rotobrushem,Van Czyścimy Wentylacje z logo Rotobrush na boku,Zdjęcie vanu z logo Rotobrush i napisem 'Wysuctions cylindrical' przygotowującego się do czyszczenia wentylacji metodą Rotobrush.,"Van z logo Rotobrush na boku, parkowany na kamienistej ulicy",Van Czyścimy Wentylacje z logo Rotobrush przygotowuje się do realizacji usługi czyszczenia wentylacji metodą Rotobrush.,"czyszczenie wentylacji, rotobrush, serwis wentylacji, hvac, przygotowanie do pracy, van techniczny, wideart.agency, czyścimywentylacje",van-rotobrush-preparation,van-rotobrush-preparation.avif,written,
M16A4994.avif,Czyścimy Wentylacje - Przygotowanie do Czyszczenia Wentylacji,Przygotowanie do czyszczenia wentylacji metodą Rotobrush,Zdjęcie przedstawia przygotowanie do realizacji usługi czyszczenia wentylacji metodą Rotobrush. Widoczny jest biały furgonetka z logo Rotobrush i awangardowym kartonowym postacią na boku.,"Biały furgonetka z logo Rotobrush na przedniej części i boku, parkowany na kamienistej ulicy z czarnym parasolikiem budynku za nim",Przygotowanie do realizacji usługi czyszczenia wentylacji metodą Rotobrush. Furgonetka z logo Rotobrush parkowany na ulicy.,"czyszczenie wentylacji, rotobrush, przygotowanie, furgonetka, wideart.agency, czyścimywentylacje, hvac, serwis techniczny",przygotowanie-do-czyszczenia-wentylacji,przygotowanie-do-czyszczenia-wentylacji.avif,written,
M16A4997.avif,Czyścimy Wentylacje - Przygotowanie do Czyszczenia Wentylacji,Przygotowanie do czyszczenia wentylacji metodą Rotobrush,"Zdjęcie przedstawia przygotowanie do czyszczenia wentylacji, w którym widoczny jest furgonetka z logo firmy i sprzęt wentylacyjny. Zawiera informacje o pracach technicznych i procesie serwisowania wentylacji.","Furgonetka z logo firmy Czyścimy Wentylacje, przygotowanie do czyszczenia wentylacji metodą Rotobrush",Przygotowanie do czyszczenia wentylacji - widoczna furgonetka i sprzęt wentylacyjny.,"czyszczenie wentylacji, rotobrush, serwis wentylacji, wentylacja mechaniczna, hvac, przygotowanie do czyszczenia, wideart.agency, czyszczenie kanałów wentylacyjnych",czyscimy-wentylacje-przygotowanie-do-czyszczenia,czyscimy-wentylacje-przygotowanie-do-czyszczenia-2.avif,written,
M16A5000.avif,Czyścimy Wentylacje - Van z logo Rotobrush,Van Czyścimy Wentylacje z logo Rotobrush na cobbled street,"Zdjęcie vanu z logo Rotobrush parkowanego na ulicy brukowanej, w tle budynki. Van jest przygotowany do realizacji usługi czyszczenia wentylacji metodą Rotobrush.","Van z logo Rotobrush parkowany na cobbled street, w tle budynki",Van Czyścimy Wentylacje z logo Rotobrush przygotowany do realizacji usługi czyszczenia wentylacji metodą Rotobrush.,"czyszczenie wentylacji, rotobrush, serwis wentylacji, hvac, przygotowanie do pracy, van z logo, techniczny transport, wentylacja mechaniczna",cleaning-vehicle-with-rotobrush-logo,cleaning-vehicle-with-rotobrush-logo.avif,written,
M16A5001.avif,Czyścimy Wentylacje - Van z logo przygotowuje się do zlecenia,Przygotowanie do czyszczenia wentylacji przed wyjazdem,"Zdjęcie pokazujące biały furgonetkę z logo Czyścimy Wentylacje na kamienistej ulicy, gotową do realizacji usługi czyszczenia wentylacji metodą Rotobrush.",Biały furgonetka z logo Czyścimy Wentylacje na kamienistej ulicy,Furgonetka firmy Czyścimy Wentylacje gotowa do wyjazdu na czyszczenie wentylacji metodą Rotobrush.,"czyszczenie wentylacji, rotobrush, serwis wentylacji, hvac, wentylacja mechaniczna, przygotowanie do zlecenia, furgonetka, czyścimywentylacje.com.pl",czyszczenie-wentylacji-van-przygotowanie,czyszczenie-wentylacji-van-przygotowanie.avif,written,
M16A5002.avif,Czyścimy Wentylacje - Van z Logo na Miasto,Van Czysty Wentylator w Ruchu - Przygotowanie do Usługi,"Zdjęcie vanu z logo firmy Czysty Wentylator na tle miasta, gotowego do realizacji usługi czyszczenia wentylacji.",Van z logo firmy Czysty Wentylator parkowany przed budynkiem w mieście,"Van firmy Czysty Wentylator parkowany przed budynkiem, przygotowujący się do realizacji usługi czyszczenia wentylacji.","czyszczenie wentylacji, rotobrush, serwis wentylacji, hvac, przygotowanie do pracy, van firmy, wideart.agency, wentylacja mechaniczna",czyscimy-wentylacje-van-przygotowanie,czyscimy-wentylacje-van-przygotowanie.avif,written,
M16A5004.avif,Czyścimy Wentylacje - przygotowanie do czyszczenia wentylacji,"Hyundai van z logo firmy przed budynkiem, gotowy do realizacji usługi czyszczenia wentylac","Zdjęcie przedstawia biały Hyundai van z napisem 'Czyste Powietrze', parkowany przed budynkiem. Van jest przygotowany do transportu sprzętu i materiałów potrzebnych do czyszczenia wentylacji metodą Rotobrush.","Biały Hyundai van z logo firmy Czyścimy Wentylacje, używany do transportu sprzętu i materiałów do czyszczenia wentylacji",Hyundai van firmy Czyścimy Wentylacje gotowy do wyjazdu na realizację usługi czyszczenia wentylacji metodą Rotobrush.,"czyszczenie wentylacji, hyundai van, transport sprzętu, przygotowanie do pracy, rotobrush, wentylacja mechaniczna, hvac, techniczny serwis",czyscimy-wentylacje-przygotowanie-do-czyszczenia,czyscimy-wentylacje-przygotowanie-do-czyszczenia-3.avif,written,
M16A5008.avif,Pracownik Czyścimy Wentylacje w drodze do zlecenia,Techniczny specjalista firmy na trasie do czyszczenia wentylacji metodą Rotobrush,"Zdjęcie przedstawia pracownika firmy Czyścimy Wentylacje, który jest w drodze z białym samochodem z logo firmy. Pracownik nosi t-shirt z napisem 'Rotobrush', co potwierdza jego specjalizację.",Pracownik Czyścimy Wentylacje w drodze do realizacji usługi czyszczenia wentylacji metodą Rotobrush,Techniczny specjalista firmy Czyścimy Wentylacje na trasie do zlecenia czyszczenia wentylacji metodą Rotobrush.,"czyszczenie wentylacji, rotobrush, pracownik techniczny, serwis wentylacji, hvac, wideart.agency, czyścimywentylacje.com.pl, czyszczenie instalacji wentylacyjnych",technician-on-the-way-to-clean-ducts,technician-on-the-way-to-clean-ducts.avif,written,
M16A5010.avif,Pracownik Czyścimy Wentylacje na drodze do klienta,Techniczny zespół w drodze do czyszczenia wentylacji metodą Rotobrush,"Zdjęcie przedstawia pracownika firmy Czyścimy Wentylacje, który jest na drodze do klienta, aby wykonać czyszczenie wentylacji metodą Rotobrush.",Pracownik firmy Czyścimy Wentylacje w drodze do klienta z narzędziem Rotobrush,Techniczny zespół firmy Czyścimy Wentylacje na trasie do czyszczenia wentylacji metodą Rotobrush.,"czyszczenie wentylacji, rotobrush, serwis wentylacji, pracownik techniczny, czyścimywentylacje.com.pl, wideart.agency, hvac, usługi wentylacyjne",pracownik-czyscimy-wentylacje-na-drodze,pracownik-czyscimy-wentylacje-na-drodze.avif,written,
M16A5013.avif,Czyszczenie wentylacji - przygotowanie do zlecenia,Przygotowanie do czyszczenia wentylacji metodą Rotobrush,Toyota Proace van firmy Czyścimy Wentylacje z logo i napisami 'Czyszczenie wentylacji' oraz 'Rotobrush'. Silnik obok pojazdu.,"Biały Toyota Proace van z logo firmy Czyścimy Wentylacje, przygotowany do czyszczenia wentylacji metodą Rotobrush",Przygotowanie do realizacji usługi czyszczenia wentylacji metodą Rotobrush. Silnik obok pojazdu.,"czyszczenie wentylacji, rotobrush, hvac, przygotowanie, silnik, toyota proace van, serwis wentylacji, wentylacja mechaniczna",czyszczenie-wentylacji-przygotowanie,czyszczenie-wentylacji-przygotowanie.avif,written,
M16A5015.avif,Czyscimy Wentylacje - Czyszczenie wentylacji metodą Rotobrush,Pracownik Czyścimy Wentylacje czyste wentylację narzędziem Rotobrush,Zdjęcie przedstawia pracownika firmy Czyścimy Wentylacje w trakcie realizacji usługi czyszczenia wentylacji metodą Rotobrush. Widoczny jest biały Toyota Proace van z logo firmy.,"Pracownik Czyścimy Wentylacje czyste wentylację narzędziem Rotobrush, obok białego Toyoty Proace",Reportaż z realizacji usługi czyszczenia wentylacji metodą Rotobrush. Pracownik firmy Czyścimy Wentylacje wykonuje czystkę wentylacji.,"czyszczenie wentylacji, rotobrush, serwis wentylacji, hvac, wentylacja mechaniczna, usługi wentylacyjne, pracownik techniczny, czyścimywentylacje",pracownik-czyscimy-wentylacje-rotobrush,pracownik-czyscimy-wentylacje-rotobrush.avif,written,
M16A5016.avif,Czyszczenie wentylacji - przygotowanie do zlecenia,Przygotowanie do czyszczenia wentylacji metodą Rotobrush,"Toyota Proace Verso z logo Czyścimy Wentylacje i Rotobrush, gotowy do realizacji usługi czyszczenia wentylacji. Samochód w terenie.",Toyota Proace Verso z logo Czyścimy Wentylacje i Rotobrush przygotowany do wyjazdu na zlecenie czyszczenia wentylacji,Przygotowanie do realizacji usługi czyszczenia wentylacji metodą Rotobrush. Widoczne logo Czyścimy Wentylacje i Rotobrush na samochodzie.,"czyszczenie wentylacji, rotobrush, serwis wentylacji, hvac, przygotowanie do zlecenia, techniczny serwis, wideart.agency, wentylacja mechaniczna",toyota-proace-verso-przygotowanie-do-zlecenia,toyota-proace-verso-przygotowanie-do-zlecenia.avif,written,
M16A5017.avif,Czyścimy Wentylacje - Przygotowanie do Czyszczenia Wentylacji,Przygotowanie do czyszczenia wentylacji metodą Rotobrush,"Zdjęcie przedstawia van firmy Czyścimy Wentylacje z logo na czerwono i zielono, przygotowujący się do wykonywania usługi czyszczenia wentylacji. Van parkowany jest na kamienistej ulicy przed budynkiem.","Van firmy Czyścimy Wentylacje z logo na czerwono i zielono, przygotowujący się do wykonywania usługi czyszczenia wentylacji",Przygotowanie vanu firmy Czyścimy Wentylacje przed rozpoczęciem czyszczenia wentylacji metodą Rotobrush.,"czyszczenie wentylacji, rotobrush, serwis wentylacji, wentylacja mechaniczna, hvac, przygotowanie do usługi, techniczny van, czyszczenie kanałów wentylacyjnych",czyscimy-wentylacje-przygotowanie-do-uslugi,czyscimy-wentylacje-przygotowanie-do-uslugi.avif,written,
M16A5018.avif,Czyszcze Wentylacje - Van na ulicy przed zleceniem,Van Czyszcze Wentylacje przygotowuje się do wyjazdu na zlecenie czyszczenia wentylacji,Zdjęcie vanu firmy Czyszcze Wentylacje parkowanego na ulicy przed budynkiem. Van jest gotowy do wyjazdu na zlecenie czyszczenia wentylacji metodą Rotobrush.,"Van firmy Czyszcze Wentylacje parkowany na ulicy przed budynkiem, przygotowujący się do wyjazdu",Van firmy Czyszcze Wentylacje gotowy do wyjazdu na zlecenie czyszczenia wentylacji metodą Rotobrush.,"czyszczenie wentylacji, serwis wentylacji, hvac, van, wentylacja mechaniczna, przygotowanie do pracy, czyścimywentylacje.com.pl, rotobrush",czyszcze-wentylacje-van-przed-zleceniem,czyszcze-wentylacje-van-przed-zleceniem.avif,written,
M16A5019.avif,Czyścimy Wentylacje - czyszczenie wentylacji metodą Rotobrush,Pracownicy Czyścimy Wentylacje realizują usługę czyszczenia wentylacji,"Dwaj pracownicy firmy Czyścimy Wentylacje obsługują maszynerię Rotobrush podczas czyszczenia wentylacji. Jeden z nich obsługuje maszynę, a drugi stoi u jej boku.",Dwaj mężczyźni pracownicy firmy Czyścimy Wentylacje obsługują maszynerię Rotobrush podczas czyszczenia wentylacji,"Pracownicy Czyścimy Wentylacje realizują usługę czyszczenia wentylacji metodą Rotobrush. Jeden z nich obsługuje maszynę, a drugi stoi u jej boku.","czyszczenie wentylacji, rotobrush, pracownicy techniczni, serwis wentylacji, hvac, czyszczenie instalacji wentylacyjnych, usługi wentylacyjne, wideart.agency",czyscimy-wentylacje-czyszczenie-gotowka,czyscimy-wentylacje-czyszczenie-gotowka.avif,written,
M16A5021.avif,Czyscimy Wentylacje - Przygotowanie do Czyszczenia Rotobrush,Przygotowanie do czyszczenia wentylacji metodą Rotobrush,"Technicy firmy Czyścimy Wentylacje przygotowują się do czyszczenia wentylacji metodą Rotobrush. Zdjęcie przedstawia etap przygotowania, gdzie pracownicy sprawdzają sprzęt i materiały.",Pracownicy firmy Czyścimy Wentylacje przygotowują się do czyszczenia wentylacji metodą Rotobrush,Technicy firmy Czyścimy Wentylacje sprawdzają sprzęt przed rozpoczęciem czyszczenia wentylacji metodą Rotobrush.,"czyszczenie wentylacji, rotobrush, serwis wentylacji, wentylacja mechaniczna, hvac, przygotowanie do pracy, technicy wentylacyjni, czyszczenie kanałów wentylacyjnych",czyscimy-wentylacje-przygotowanie-do-czyszczenia-rotobrush,czyscimy-wentylacje-przygotowanie-do-czyszczenia-rotobrush.avif,written,
M16A5023.avif,Czyścimy Wentylacje - Czyszczenie Instalacji Metodą Rotobrush,Technicy Czyścimy Wentylacje w trakcie czyszczenia wentylacji metodą Rotobrush,Zdjęcie pokazujące dwóch pracowników firmy Czyścimy Wentylacje podczas realizacji usługi czyszczenia wentylacji metodą Rotobrush. Widoczne są narzędzia i sprzęt niezbędny do wykonania tej pracy.,"Dwójka techników pracujących nad czyszczeniem wentylacji, używając narzędzi Rotobrush",Technicy firmy Czyścimy Wentylacje w trakcie czyszczenia wentylacji metodą Rotobrush. Zdjęcie wykonane przez wideart.agency.,"czyszczenie wentylacji, rotobrush, serwis wentylacji, hvac, czyszczenie kanałów wentylacyjnych, usługi wentylacyjne, pracownik techniczny, wideart.agency",czyscimy-wentylacje-czyszczenie-instalacji-rotobrush,czyscimy-wentylacje-czyszczenie-instalacji-rotobrush.avif,written,
M16A5027.avif,Przygotowanie do czyszczenia wentylacji przed zleceniem,Technik przygotowuje się do pracy na wentylacji metodą Rotobrush,"Zdjęcie technika w workowym-Shirt i rękawiczkach czerwonych, trzymającego narzędzie Rotobrush przed białym furgonetem z logo SUKER. Tło to budynki z oknami.",Technik przygotowujący się do czyszczenia wentylacji metodą Rotobrush,Przygotowanie technika do realizacji usługi czyszczenia wentylacji przed wyjazdem na miejsce,"czyszczenie wentylacji, rotobrush, serwis wentylacji, hvac, przygotowanie do pracy, technik wentylacyjny, wideart.agency, czyścimywentylacje",technik-przygotowuje-sie-do-czyszczenia-wentylacji,technik-przygotowuje-sie-do-czyszczenia-wentylacji.avif,written,
M16A5032.avif,Czyscimy Wentylacje - Pracownik Techniczny Czyści Instalację,Techniczny Czyści Instalację Wentylacyjną Metodą Rotobrush,"Pracownik firmy Czyścimy Wentylacje czysci instalację wentylacyjną metodą Rotobrush, realizując usługi serwisowe i czystość systemów HVAC.",Techniczny pracujący nad czyszczeniem instalacji wentylacyjnej metodą Rotobrush,"Pracownik Czyścimy Wentylacje wykonuje czyszczenie wentylacji metodą Rotobrush, zapewniając wysoką jakość usług technicznych.","czyszczenie wentylacji, rotobrush, serwis wentylacji, hvac, instalacja wentylacyjna, usługi wentylacyjne, pracownik techniczny, czyścimywentylacje",technician-cleaning-ventilation-system,technician-cleaning-ventilation-system.avif,written,
M16A5033.avif,Przygotowanie do czyszczenia wentylacji metodą Rotobrush,Technik przygotowuje sprzęt przed czyszczeniem wentylacji,Zdjęcie technika w czarnym t-shirt i dżinsach z praktycznym sprztwem do czyszczenia wentylacji. Mężczyzna trzyma suwaczkę z długim kabelkiem przygotowany do pracy.,Technik z suwaczką do czyszczenia wentylacji przed białym furgonetem z logo Rotobrush,Przygotowanie sprzętu do czyszczenia wentylacji metodą Rotobrush. Technik przygotowuje sprzęt przed rozpoczęciem pracy.,"czyszczenie wentylacji, rotobrush, serwis wentylacji, przygotowanie do pracy, techniczny pracownik, służba techniczna, wentylacja mechaniczna, hvac",technik-przygotowuje-sprzet-do-czyszczenia-wentylacji,technik-przygotowuje-sprzet-do-czyszczenia-wentylacji.avif,written,
M16A5034.avif,Czyszczenie wentylacji przed rozpoczęciem pracy,Przygotowanie do czyszczenia wentylacji metodą Rotobrush,"Technik Czyścimy Wentylacje w ciemnym koszulku i dżinsach przygotowuje się do pracy, używając specjalnego sprzętu. Zdjęcie przedstawia etap przygotowania do czyszczenia wentylacji metodą Rotobrush.",Technik z czerwonym sprzątaczem i długim kabelkiem przygotowuje się do pracy,Przygotowanie technika przed rozpoczęciem czyszczenia wentylacji metodą Rotobrush,"czyszczenie wentylacji, rotobrush, serwis wentylacji, przygotowanie do pracy, technik wentylacyjny, sprzęt techniczny, wideart.agency, wentylacja mechaniczna",tech-preparation-for-cleaning,tech-preparation-for-cleaning.avif,written,
M16A5036.avif,Pracownik Czyścimy Wentylacje przed zleceniem czyszczenia wentylacji,Techniczny rozmawiający o szczegółach zlecenia przed rozpoczęciem pracy,"Zdjęcie pracownika firmy Czyścimy Wentylacje w czarnym koszulku, który sprawdza informacje na telefonie przed wyjazdem do klienta. Za nim widoczne jest budynkowe otoczenie.",Techniczny z firmą Czyścimy Wentylacje sprawdzający detale zlecenia na smartfonie przed rozpoczęciem czyszczenia wentylacji,Pracownik Czyścimy Wentylacje sprawdza szczegóły zlecenia na telefonie przed wyjazdem do klienta.,"czyszczenie wentylacji, pracownik techniczny, rozmowa przed zleceniem, czyscimywentylacje.com.pl, wideart.agency, serwis wentylacyjny, rotobrush, serwis wentylacji",techniczny-przed-zleceniem-czyszczenia-wentylacji,techniczny-przed-zleceniem-czyszczenia-wentylacji.avif,written,
M16A5043.avif,Czyścimy Wentylacje - Przygotowanie do Czyszczenia Wentylacji,Przygotowanie do czyszczenia wentylacji metodą Rotobrush,"Dwa wany z logo Rotobrush i Anthony Wentworth na czerwono-niebieskim tle, gotowe do realizacji usługi czyszczenia wentylacji.",Dwa wany z logo Rotobrush i Anthony Wentworth przygotowane do czyszczenia wentylacji metodą Rotobrush,Wany z logo Rotobrush i Anthony Wentworth gotowe do realizacji usługi czyszczenia wentylacji.,"czyszczenie wentylacji, rotobrush, serwis wentylacji, wentylacja mechaniczna, hvac, przygotowanie do pracy, wideart.agency, czyszczenie kanałów wentylacyjnych",czyscimy-wentylacje-przygotowanie-do-czyszczenia,czyscimy-wentylacje-przygotowanie-do-czyszczenia-4.avif,written,
M16A5044.avif,Czyścimy Wentylacje - Przygotowanie do Czyszczenia Wentylacji,Pracownik przygotowuje sprzęt przed czyszczeniem wentylacji metodą Rotobrush,"Zdjęcie pokazujące biały furgonetkę z reklamami Czyścimy Wentylacje i Rotobrush, gotową do wyjazdu na zlecenie czyszczenia wentylacji.",Furgonetka z reklamami Czyścimy Wentylacje i Rotobrush parkowana przed budynkiem,Pracownik firmy Czyścimy Wentylacje przygotowuje sprzęt do czyszczenia wentylacji metodą Rotobrush.,"czyszczenie wentylacji, rotobrush, przygotowanie, furgonetka, reklama, serwis wentylacyjny, techniczni pracownicy, wideart.agency",czyscimy-wentylacje-rotobrush-van,czyscimy-wentylacje-rotobrush-van.avif,written,
M16A5045.avif,Czyścimy Wentylacje - Przygotowanie do Usługi Rotobrush,Przygotowanie do czyszczenia wentylacji metodą Rotobrush,"Zdjęcie przedstawia białe samochodzik wojskowy z reklamami Rotobrush i Knobruch, gotowego do wyjazdu na realizację usługi czyszczenia wentylacji.",Biały samochód z reklamami Rotobrush i Knobruch parked przed budynkiem,Samochód firmy Czyścimy Wentylacje gotowy do wyjazdu na czyszczenie wentylacji metodą Rotobrush.,"czyszczenie wentylacji, rotobrush, hvac, serwis wentylacji, przygotowanie do usługi, wideart.agency, techniczny samochód, transport sprzętu",white-van-rotobrush-knobruch,white-van-rotobrush-knobruch.avif,written,
M16A5049.avif,Czyscimy Wentylacje - Przygotowanie do Czyszczenia Wentylacji,Pracownik firmy Czyścimy Wentylacje przygotowuje się do czyszczenia wentylacji metodą Roto,"Zdjęcie przedstawia pracownika firmy Czyścimy Wentylacje, który jest na drodze do klienta z narzędziami Rotobrush w ręku. Pracownik przygotowuje się do czyszczenia wentylacji metodą Rotobrush.",Pracownik firmy Czyścimy Wentylacje trzymający narzędzia Rotobrush przed wyjazdem na zlecenie czyszczenia wentylacji,"Pracownik firmy Czyścimy Wentylacje przygotowuje się do czyszczenia wentylacji metodą Rotobrush, trzymając w ręku narzędzia Rotobrush.","czyszczenie wentylacji, rotobrush, serwis wentylacji, wentylacja mechaniczna, hvac, pracownik techniczny, czyścimywentylacje.com.pl, wideart.agency",pracownik-czyscimy-wentylacje-przygotowanie,pracownik-czyscimy-wentylacje-przygotowanie.avif,written,
M16A5056.avif,Pracownicy Czyścimy Wentylacje wchodzą do pojazdu Rotobrush,Technicy firmy Czyścimy Wentylacje w drodze do klienta z Rotobrushem,Dwaj pracownicy firmy Czyścimy Wentylacje wchodzą do pojazdu Rotobrush przed wyjazdem na klienta. Zdjęcie pokazuje przygotowanie do realizacji usługi czyszczenia wentylacji metodą Rotobrush.,Dwaj pracownicy firmy Czyścimy Wentylacje wchodzą do pojazdu Rotobrush,"Pracownicy firmy Czyścimy Wentylacje wchodzą do pojazdu Rotobrush, aby wyjechać na klienta i zrealizować usługi czyszczenia wentylacji metodą Rotobrush.","czyszczenie wentylacji, rotobrush, pracownicy techniczni, pojazd rotobrush, serwis wentylacji, hvac, reportaż z realizacji, wentylacja mechaniczna",pracownicy-wchodza-do-pojazdu-rotobrush,pracownicy-wchodza-do-pojazdu-rotobrush.avif,written,
M16A5060.avif,Czyszczenie wentylacji metodą Rotobrush - Czyścimy Wentylacje,Pracownicy Czyścimy Wentylacje realizują usługę czyszczenia wentylacji metodą Rotobrush,"Zdjęcie przedstawia trzech pracowników firmy Czyścimy Wentylacje podczas realizacji usługi czyszczenia wentylacji metodą Rotobrush. Zespół pracuje koordynowanym i zorganizowanym sposobem, używając odpowiednich narzędzi.","Trzej mężczyźni pracują nad czyszczeniem wentylacji metodą Rotobrush, korzystają z różnych narzędzi",Pracownicy firmy Czyścimy Wentylacje realizują usługę czyszczenia wentylacji metodą Rotobrush. Zespół działa koordynowanie i dysponuje odpowiednimi narzędziami.,"czyszczenie wentylacji, rotobrush, serwis wentylacji, hvac, usługi wentylacyjne, pracownik techniczny, czyścimywentylacje.com.pl, wideart.agency",trzej-pracownicy-czyszczenie-wentylacji,trzej-pracownicy-czyszczenie-wentylacji.avif,written,
M16A5067.avif,Pracownicy Czyścimy Wentylacje przed rozpoczęciem czyszczenia wentylacji,Dwa pracownicy rozmawiają przed rozpoczęciem usługi czyszczenia wentylacji metodą Rotobrus,"Zdjęcie pokazuje dwóch pracowników Czyścimy Wentylacje ubranych w t-shirty z napisem 'Rotobrush', którzy rozmawiają przed rozpoczęciem usługi. Jeden trzyma telefon, a drugi ma portfona w kieszeni.","Dwa pracownicy Czyścimy Wentylacje ubrani w t-shirty z napisem 'Rotobrush', rozmawiają przed rozpoczęciem czyszczenia wentylacji metodą Rotobrush","Pracownicy Czyścimy Wentylacje przed rozpoczęciem usługi czyszczenia wentylacji. Jeden z nich trzyma telefon, a drugi ma portfona w kieszeni.","czyszczenie wentylacji, rotobrush, pracownicy techniczni, rozmowa przed usługi, serwis wentylacji, wentylacja mechaniczna, hvac, reportaż z realizacji",dwojew-pracownikow-rotobrush,dwojew-pracownikow-rotobrush.avif,written,
M16A5071.avif,Czyścimy Wentylacje - Pracownik przed zleceniem,Pracownik Czyścimy Wentylacje przed realizacją usługi czyszczenia wentylacji metodą Rotobr,"Zdjęcie pracownika firmy Czyścimy Wentylacje przed rozpoczęciem zlecenia czyszczenia wentylacji. Mężczyzna ubrany w t-shirt z logo Rotobrush, stojący w kontrastującym tle.",Pracownik Czyścimy Wentylacje przed realizacją usługi czyszczenia wentylacji metodą Rotobrush,"Przed rozpoczęciem zlecenia - pracownik firmy Czyścimy Wentylacje w t-shirt z logo Rotobrush, stojący w kontrastującym tle.","czyszczenie wentylacji, rotobrush, pracownik techniczny, wentylacja mechaniczna, hvac, serwis wentylacji, reportaż z realizacji, czyścimy wentylacje",pracownik-techniczny-przed-zleceniem,pracownik-techniczny-przed-zleceniem.avif,written,
M16A5075.avif,Pracownik Czyścimy Wentylacje przed zleceniem,Technik gotowy do czyszczenia wentylacji metodą Rotobrush,Zdjęcie pracownika firmy Czyścimy Wentylacje w biżuterii przed rozpoczęciem zlecenia. Na t-shirtie widoczna nazwa firmy.,"Pracownik firmy Czyścimy Wentylacje w biżuterii, gotowy do realizacji usługi czyszczenia wentylacji",Technik z firmy Czyścimy Wentylacje przed rozpoczęciem pracy nad czyszczeniem wentylacji metodą Rotobrush.,"czyszczenie wentylacji, pracownik techniczny, czyścimywentylacje, serwis wentylacji, hvac, reportaż z realizacji, rotobrush, wentylacja mechaniczna",pracownik-czyscimy-wentylacje-przed-zleceniem,pracownik-czyscimy-wentylacje-przed-zleceniem.avif,written,
M16A5076.avif,Technik Czyścimy Wentylacje przed Zleceniem,Pracownik techniczny rozmawia przed rozpoczęciem czyszczenia wentylacji metodą Rotobrush,"Zdjęcie pokazuje pracownika technicznego z firmy Czyścimy Wentylacje w chwili rozmowy przed rozpoczęciem usługi. Na tle niebieskiego muru widoczny jest jego uśmiechnięty wyraz twarzy, co sugeruje pozytywną interakcję.",Technik z firmy Czyścimy Wentylacje w chwili rozmowy przed rozpoczęciem czyszczenia wentylacji,Pracownik techniczny firmy Czyścimy Wentylacje rozmawia przed rozpoczęciem usługi czyszczenia wentylacji metodą Rotobrush.,"czyszczenie wentylacji, pracownik techniczny, rozmowa przed zleceniem, pomoc techniczna, wentylacja mechaniczna, hvac, usługi wentylacyjne, rotobrush",technik-przed-zleceniem,technik-przed-zleceniem.avif,written,
M16A5081.avif,Czyszczenie wentylacji metodą Rotobrush - Czyścimy Wentylacje,Technicy Czyścimy Wentylacje realizują usługi czyszczenia wentylacji metodą Rotobrush,"Zdjęcie pokazuje pracownika technicznego firmy Czyścimy Wentylacje podczas realizacji usługi czyszczenia wentylacji metodą Rotobrush. Zdjęcie może przedstawiać przygotowanie, dojazd lub pracę u klienta.",Pracownik techniczny firmy Czyścimy Wentylacje podczas realizacji usługi czyszczenia wentylacji metodą Rotobrush,Technicy firmy Czyścimy Wentylacje wykonują czystą i profesjonalną usługę czyszczenia wentylacji metodą Rotobrush.,"czyszczenie wentylacji, rotobrush, serwis wentylacji, wentylacja mechaniczna, hvac, pracownik techniczny, czyścimywentylacje.com.pl, czyszczenie kanałów wentylacyjnych",technik-czyszczenie-wentylacji-rotobrush,technik-czyszczenie-wentylacji-rotobrush.avif,written,
M16A5083.avif,Przygotowanie do czyszczenia wentylacji - Czyścimy Wentylacje,Technicy przygotowują się do czyszczenia wentylacji metodą Rotobrush,Trzej technicy w czerwonym sprajzerze z Rotobrushem przed rozpoczęciem usługi czyszczenia wentylacji. Biały budynek za metalicznymi drzwiami.,Trzech mężczyzn w ciemnozielonych t-shirtach i jeansach stoją na czerwonym sprajzerze z logo Rotobrush,Technicy Czyścimy Wentylacje przygotowują się do czyszczenia wentylacji metodą Rotobrush przed rozpoczęciem pracy u klienta.,"czyszczenie wentylacji, rotobrush, serwis wentylacji, pracownik techniczny, wideart.agency, czyścimywentylacje, hvac, czyszczenie instalacji wentylacyjnych",technicy-przygotowanie-do-czyszczenia-wentylacji,technicy-przygotowanie-do-czyszczenia-wentylacji.avif,written,
M16A5084.avif,Czyścimy Wentylacje - Van Przygotowany do Zlecenia,Van Czysty Wentylator Gotowy do Realizacji Usługi,Zdjęcie vanu z logo 'Czysty Wentylator' przygotowanego do wyjazdu na zlecenie czyszczenia wentylacji. Van parkowany na ulicy w centrum miasta.,"Van z logo Czysty Wentylator, gotowy do realizacji usługi czyszczenia wentylacji",Van firmy Czyścimy Wentylacje przygotowany do wyjazdu na zlecenie czyszczenia wentylacji metodą Rotobrush.,"czyszczenie wentylacji, serwis wentylacji, hvac, van, czyścimywentylacje.com.pl, przygotowanie do wyjazdu, techniczny van, rotobrush",cleanventilator-van-preparation,cleanventilator-van-preparation.avif,written,
M16A5085.avif,Czyścimy Wentylacje - Przygotowanie do czyszczenia wentylacji metodą Rotobr,Pracownicy Czyścimy Wentylacje przed realizacją usługi czyszczenia wentylacji metodą Rotob,"Zdjęcie przedstawia pracowników firmy Czyścimy Wentylacje wokół białego vanu z logo firmy. Wewnątrz vanu widoczne jest narzędzie Rotobrush, a na podłodze umieszczona tablica z informacjami o usłudze.",Grupa mężczyzn wokół białego vanu z logo Czyścimy Wentylacje. Wewnątrz vanu widoczne jest narzędzie Rotobrush i tablica z informacjami o usłudze czyszczenia wen,Pracownicy firmy Czyścimy Wentylacje przed realizacją usługi czyszczenia wentylacji metodą Rotobrush. W vanie widoczne jest narzędzie Rotobrush i tablica z informacjami o usłudze.,"czyszczenie wentylacji, rotobrush, serwis wentylacji, wentylacja mechaniczna, hvac, pracownicy techniczni, czyścimywentylacje.com.pl, wideart.agency",przygotowanie-do-czyszczenia-wentylacji-rotobrush,przygotowanie-do-czyszczenia-wentylacji-rotobrush.avif,written,
M16A5088.avif,Czyścimy Wentylacje - czyszczenie wentylacji metodą Rotobrush,Pracownik Czyścimy Wentylacje czyste wentylację metodą Rotobrush,"Technik Czyścimy Wentylacje czści wentylację metodą Rotobrush, używając cięciwy i sukinsa. Zdjęcie pokazuje etap pracy z narzędziem na ruchomej podstawie.","Mężczyzna w czarnym t-shirt i baseball cap trzyma ciągnik do prania, który ma czerwone sukinsa. Ciągnik stoi na ruchomej podstawie, a za nim widoczny jest biały","Technik Czyścimy Wentylacje czści wentylację metodą Rotobrush, używając cięciwy i sukinsa. Zdjęcie pokazuje etap pracy z narzędziem na ruchomej podstawie.","czyszczenie wentylacji, rotobrush, serwis wentylacji, hvac, wentylacja mechaniczna, pracownik techniczny, czyścimywentylacje.com.pl, wideart.agency",technik-czyscimy-wentylacje-rotobrush,technik-czyscimy-wentylacje-rotobrush.avif,written,
M16A5093.avif,Czyścimy Wentylacje - Zakończona realizacja usługi Rotobrush,Pracownik firmy Czyścimy Wentylacje po zakończeniu czyszczenia wentylacji metodą Rotobrush,Zdjęcie przedstawia pracownika firmy Czyścimy Wentylacje stojącego obok swojego pojazdu i narzędzi po zakończeniu usługi czyszczenia wentylacji metodą Rotobrush.,Pracownik firmy Czyścimy Wentylacje stojący obok pojazdu i narzędzi po zakończeniu realizacji usługi Rotobrush,Po zakończeniu czyszczenia wentylacji metodą Rotobrush pracownik firmy Czyścimy Wentylacje staje obok swojego pojazdu i narzędzi.,"czyszczenie wentylacji, rotobrush, pracownik techniczny, pojazd, nabłonkowanie, wideart.agency, czyścimywentylacje.com.pl, hvac",pracownik-po-zakonczeniu-uslugi-rotobrush,pracownik-po-zakonczeniu-uslugi-rotobrush.avif,written,
M16A5098.avif,Czyścimy Wentylacje - Pracownik techniczny przed rozpoczęciem czyszczenia,Pracownik Czyścimy Wentylacje przed czyszczeniem wentylacji metodą Rotobrush,"Zdjęcie przedstawia pracownika firmy Czyścimy Wentylacje, który jest gotowy do rozpoczęcia czyszczenia instalacji wentylacyjnych metodą Rotobrush.",Pracownik techniczny firmy Czyścimy Wentylacje przed rozpoczęciem czyszczenia wentylacji,"Zdjęcie pokazuje pracownika technicznego firmy Czyścimy Wentylacje, który jest gotowy do rozpoczęcia czyszczenia wentylacji metodą Rotobrush.","czyszczenie wentylacji, rotobrush, serwis wentylacji, wentylacja mechaniczna, hvac, pracownik techniczny, czyścimy wentylacje, czyszczenie kanałów wentylacyjnych",pracownik-techniczny-przed-czyszczeniem,pracownik-techniczny-przed-czyszczeniem.avif,written,
M16A5099.avif,Przygotowanie do czyszczenia wentylacji przed zleceniem,Technik Czyścimy Wentylacje przygotowuje się do pracy,Technik w czerwonej furgonie przygotowuje sprzęt do czyszczenia wentylacji metodą Rotobrush przed rozpoczęciem zlecenia.,Technik w czerwonej furgonie przygotowuje sprzęt do czyszczenia wentylacji,Przygotowanie technika przed rozpoczęciem czyszczenia wentylacji metodą Rotobrush,"czyszczenie wentylacji, rotobrush, serwis wentylacji, przygotowanie do pracy, technik wentylacyjny, furgon czyszczenia wentylacji, wideart.agency, wentylacja mechaniczna",technik-przygotowuje-sklep,technik-przygotowuje-sklep.avif,written,
M16A5102.avif,Czyścimy Wentylacje - Czyszczenie wentylacji metodą Rotobrush,Pracownik techniczny firmy Czyścimy Wentylacje przed rozpoczęciem czyszczenia wentylacji m,"Zdjęcie pokazuje pracownika technicznego firmy Czyścimy Wentylacje, który jest odpowiedzialny za realizację usługi czyszczenia wentylacji metodą Rotobrush.",Pracownik techniczny firmy Czyścimy Wentylacje przed rozpoczęciem czyszczenia wentylacji metodą Rotobrush,"Zdjęcie pokazuje pracownika technicznego firmy Czyścimy Wentylacje, który jest odpowiedzialny za realizację usługi czyszczenia wentylacji metodą Rotobrush.","czyszczenie wentylacji, rotobrush, pracownik techniczny, wentylacja mechaniczna, hvac, serwis wentylacji, usługi wentylacyjne, czyścimywentylacje",pracownik-techniczny-czyscimy-wentylacje,pracownik-techniczny-czyscimy-wentylacje.avif,written,
M16A5103.avif,Czyścimy Wentylacje - Pracownik z Rotobrush przed rozpoczęciem czyszczenia,Pracownik Czyścimy Wentylacje przed rozpoczęciem czyszczenia wentylacji metodą Rotobrush,"Zdjęcie pracownika firmy Czyścimy Wentylacje z czerwonym vacuum cleanerem przed białym vanem z logo firmy, gotowego do rozpoczęcia usługi czyszczenia wentylacji.",Pracownik firmy Czyścimy Wentylacje trzyma czerwony vacuum cleaner przed białym vanem z logo firmy,"Przed rozpoczęciem czyszczenia wentylacji metodą Rotobrush, pracownik firmy Czyścimy Wentylacje przygotowuje sprzęt w białym vanie.","czyszczenie wentylacji, rotobrush, serwis wentylacji, wentylacja mechaniczna, hvac, pracownik techniczny, czyścimywentylacje, wideart.agency",pracownik-z-rotobrush-przed-czyszczeniem,pracownik-z-rotobrush-przed-czyszczeniem.avif,written,
M16A5105.avif,Czyścimy Wentylacje - Przygotowanie do Czyszczenia Wentylacji,Pracownik techniczny przed wyjazdem na czyszczenie wentylacji metodą Rotobrush,Zdjęcie przedstawia pracownika firmy Czyścimy Wentylacje w mundurze z napisem 'Rotobrush' przygotowującego się do wyjazdu na czyszczenie wentylacji. W tle widoczna jest biała furgonetka i szare chodnik.,"Pracownik firmy Czyścimy Wentylacje z napisem 'Rotobrush' przygotowujący się do wyjazdu na czyszczenie wentylacji, stojący obok białej furgonetki i czerwonego a",Pracownik Czyścimy Wentylacje przed wyjazdem na czyszczenie wentylacji metodą Rotobrush. Widoczny jest aspirator z czerwonym kabelkiem przygotowany do pracy.,"czyszczenie wentylacji, rotobrush, pracownik techniczny, serwis wentylacji, hvac, aspirator, wentylacja mechaniczna, czyścimywentylacje",pracownik-przygotowanie-do-czyszczenia-wentylacji,pracownik-przygotowanie-do-czyszczenia-wentylacji.avif,written,
M16A5108.avif,Czyścimy Wentylacje - przygotowanie do czyszczenia Rotobrush,Przygotowanie sprzętu przed czyszczeniem wentylacji metodą Rotobrush,"Technik Czyścimy Wentylacje przygotowuje sprzęt do czyszczenia wentylacji, trzymając czerwony kabel złączony z aparatem suchoodprowadzającym Rotobrush.","Technik przed czyszczeniem wentylacji, trzyma czerwonego kabelu złączony z aparatem suchoodprowadzającym Rotobrush na czarnym wózku.",Przygotowanie do czyszczenia wentylacji metodą Rotobrush - technik Czyścimy Wentylacje sprawdza sprzęt przed rozpoczęciem pracy.,"czyszczenie wentylacji, rotobrush, serwis wentylacji, hvac, czyszczenie kanałów wentylacyjnych, usługi wentylacyjne, pracownik techniczny, wideart.agency",technik-przygotowanie-do-czyszczenia-wentylacji,technik-przygotowanie-do-czyszczenia-wentylacji.avif,written,
M16A5110.avif,Technik Czyścimy Wentylacje z Rotobrushem,Pracownik techniczny z Rotobrushem na trasie do klienta,Zdjęcie przedstawia pracownika firmy Czyścimy Wentylacje w drodze do realizacji usługi czyszczenia wentylacji metodą Rotobrush. Na zdjęciu widzimy mężczyznę z czerwonym i czarnym aparatem do prania wentylacji na kółkach.,Technik firmy Czyścimy Wentylacje prowadzi czerwony i czarny Rotobrush na trasie do klienta,Pracownik techniczny firmy Czyścimy Wentylacje z aparatem Rotobrush w drodze do realizacji usługi czyszczenia wentylacji.,"czyszczenie wentylacji, rotobrush, pracownik techniczny, serwis wentylacji, hvac, technika wentylacyjna, wideart.agency, czyścimywentylacje",technik-z-rotobrushem,technik-z-rotobrushem.avif,written,
M16A5113.avif,Pracownik Czyścimy Wentylacje przed zleceniem czyszczenia wentylacji,Technik gotowy do realizacji usługi czyszczenia wentylacji metodą Rotobrush,Zdjęcie pracownika firmy Czyścimy Wentylacje w biżuterii przed rozpoczęciem zlecenia czyszczenia wentylacji. Na zdjęciu widoczny jest technik ubrany w t-shirt z napisem Rotobrzeszcze oraz trzymający w ręce aparat do czys,"Technik firmy Czyścimy Wentylacje przed rozpoczęciem pracy, trzyma w ręku aparat Rotobrush",Pracownik techniczny firmy Czyścimy Wentylacje gotowy do realizacji usługi czyszczenia wentylacji metodą Rotobrush.,"czyszczenie wentylacji, rotobrush, pracownik techniczny, wentylacja mechaniczna, hvac, serwis wentylacji, czyscimywentylacje.com.pl, wideart.agency",technik-rotobrzeszcze-przed-zleceniem,technik-rotobrzeszcze-przed-zleceniem.avif,written,
M16A5114.avif,Czyścimy Wentylacje - Przygotowanie do Czyszczenia Wentylacji,Przygotowanie do czyszczenia wentylacji metodą Rotobrush,"Zdjęcie przedstawia przygotowanie do czyszczenia wentylacji, w którym widoczny jest furgonetka z logo Czyścimy Wentylacje oraz czarny opona ułożona na przednim pasie.",Furgonetka z logo Czyścimy Wentylacje i czarna opona ułożona na przednim pasie,"Przygotowanie do realizacji usługi czyszczenia wentylacji metodą Rotobrush, widoczna furgonetka z logo firmy i czarna opona.","czyszczenie wentylacji, rotobrush, przygotowanie, furgonetka, wentylacja mechaniczna, hvac, techniczny serwis, wideart.agency",czyscimy-wentylacje-przygotowanie-do-czyszczenia,czyscimy-wentylacje-przygotowanie-do-czyszczenia-5.avif,written,
M16A5116.avif,Przygotowanie do czyszczenia wentylacji - Czyścimy Wentylacje,Technik przygotowuje się do wyjazdu na czyszczenie wentylacji metodą Rotobrush,"Zdjęcie przedstawia pracownika firmy Czyścimy Wentylacje stojącego obok białego furgonetki z logo firmy. Pracownik przygotowuje się do wyjazdu na czyszczenie wentylacji metodą Rotobrush, używając elektrycznego roweru z k",Pracownik Czyścimy Wentylacje stojący obok furgonetki przygotowuje się do wyjazdu na czyszczenie wentylacji metodą Rotobrush,"Technik firmy Czyścimy Wentylacje przygotowuje się do wyjazdu na czyszczenie wentylacji, używając elektrycznego roweru z koszykiem.","czyszczenie wentylacji, rotobrush, serwis wentylacji, pracownik techniczny, wideart.agency, czyścimywentylacje.com.pl, furgonetka, elektryczny rower",technik-przygotowanie-do-czyszczenia-wentylacji,technik-przygotowanie-do-czyszczenia-wentylacji-2.avif,written,
M16A5126.avif,Pracownik Czyścimy Wentylacje przed zleceniem czyszczenia wentylacji,Technik przygotowuje się do czyszczenia wentylacji metodą Rotobrush,"Zdjęcie technika firmy Czyścimy Wentylacje stojącego obok furgonetki z logo Rotobrush, gotowego do realizacji usługi czyszczenia wentylacji.",Technik w ciemnej koszuli i niebieskich dżinsach przygotowuje sprzęt do czyszczenia wentylacji metodą Rotobrush,"Pracownik Czyścimy Wentylacje przed rozpoczęciem czyszczenia wentylacji metodą Rotobrush, gotowy do pracy z odpowiednim sprzętem.","czyszczenie wentylacji, rotobrush, pracownik techniczny, serwis wentylacji, hvac, technik wentylacyjny, wideart.agency, czyścimywentylacje",pracownik-techniczny-przed-zleceniem-czyszczenia-wentylacji,pracownik-techniczny-przed-zleceniem-czyszczenia-wentylacji.avif,written,
M16A5129.avif,Technik Czyścimy Wentylacje w drodze do zlecenia,Pracownik techniczny Czyścimy Wentylacje przed rozpoczęciem czyszczenia wentylacji metodą,"Zdjęcie przedstawia pracownika firmy Czyścimy Wentylacje w drodze do miejsca zlecenia, ubranego w ciemną koszulkę i dżinsy, prowadzącego stroller z czerwonym parasolem. Tło to ulica z ceglaną ścianą.","Pracownik Czyścimy Wentylacje w drodze do miejsca zlecenia, ubrany w ciemną koszulkę i dżinsy, prowadzi stroller z czerwonym parasolem",Technik firmy Czyścimy Wentylacje w drodze do realizacji usługi czyszczenia wentylacji metodą Rotobrush.,"czyszczenie wentylacji, pracownik techniczny, wideart.agency, czyścimywentylacje.com.pl, droga do zlecenia, stroller, ciegla, rotobrush",technik-w-drodze-do-zlecenia,technik-w-drodze-do-zlecenia.avif,written,
M16A5137.avif,Czyszczenie wentylacji metodą Rotobrush - Czyścimy Wentylacje,Pracownik techniczny czyste wentylację metodą Rotobrush,"Zdjęcie przedstawia pracownika firmy Czyścimy Wentylacje, który wykonuje czyszczenie wentylacji metodą Rotobrush. Zdjęcie pokazuje etap pracy nad instalacją wentylacyjną.",Pracownik techniczny czyste wentylację metodą Rotobrush - Czyścimy Wentylacje,Technik firmy Czyścimy Wentylacje wykonuje czyszczenie wentylacji metodą Rotobrush.,"czyszczenie wentylacji, rotobrush, serwis wentylacji, wentylacja mechaniczna, hvac, pracownik techniczny, technika wentylacyjna, czyścimywentylacje",pracownik-czyscimy-wentylacje-rotobrush,pracownik-czyscimy-wentylacje-rotobrush-2.avif,written,
M16A5142.avif,Technicy Czyscimy Wentylacje pracują nad wentylacją,Praca techniczna: czyszczenie wentylacji metodą Rotobrush,"Dwójka techników firmy Czyscimy Wentylacje wykonuje czystkę wentylacji. Jeden z nich pracuje nad wentylacją, drugi obserwuje proces.",Technicy w czerwonych koszulkach pracują nad wentylacją,Dwójka techników firmy Czyscimy Wentylacje wykonuje czystkę wentylacji metodą Rotobrush. Praca techniczna na terenie klienta.,"czyszczenie wentylacji, rotobrush, serwis wentylacji, wentylacja mechaniczna, hvac, pracownik techniczny, wideart.agency, czyścimywentylacje",technicy-czyszczenie-wentylacji,technicy-czyszczenie-wentylacji.avif,written,
M16A5150.avif,Czyszczenie wentylacji metodą Rotobrush - etap przygotowania,Przygotowanie do czyszczenia wentylacji metodą Rotobrush,Zdjęcie przedstawia pracownika firmy Czyścimy Wentylacje podczas przygotowywania sprzętu do czyszczenia wentylacji metodą Rotobrush.,Pracownik techniczny przygotowuje sprzęt do czyszczenia wentylacji metodą Rotobrush,Technicy firmy Czyścimy Wentylacje wykonują staranne przygotowanie przed rozpoczęciem czyszczenia wentylacji metodą Rotobrush.,"czyszczenie wentylacji, rotobrush, serwis wentylacji, wentylacja mechaniczna, hvac, przygotowanie, technicy, czyszczenie kanałów wentylacyjnych",czyszczenie-wentylacji-przygotowanie,czyszczenie-wentylacji-przygotowanie-2.avif,written,
M16A5155.avif,Czyszczenie wentylacji metodą Rotobrush - Czyścimy Wentylacje,Techniczny proces czyszczenia wentylacji metodą Rotobrush,Pracownik Czyścimy Wentylacje wykonuje usługi czyszczenia wentylacji za pomocą specjalistycznego sprzętu Rotobrush. Zdjęcie pokazuje etap pracy z maszyną i czerwonym kabelkiem łączącym pracownika z urządzeniem.,"Pracownik Czyścimy Wentylacje czyszczy wentylację metodą Rotobrush, trzymając w ręku czerwone rękawiczki i maszynę",Techniczny etap czyszczenia wentylacji - pracownik Czyścimy Wentylacje używa specjalistycznego sprzętu do wykonania usługi.,"czyszczenie wentylacji, rotobrush, serwis wentylacji, hvac, czyszczenie kanałów wentylacyjnych, usługi wentylacyjne, pracownik techniczny, wideart.agency",technician-cleaning-ducts-with-rotobrush,technician-cleaning-ducts-with-rotobrush.avif,written,
M16A5157.avif,Czyszczenie wentylacji metodą Rotobrush - przygotowanie,Przygotowanie do czyszczenia wentylacji przed rozpoczęciem pracy,"Technik Czyścimy Wentylacje w czarnym T-shirt i czerwonych rękawicach trzyma szczotkę, przygotowując się do pracy z maszyną Rotobrush. Zdjęcie pokazuje etap przygotowania przed rozpoczęciem czyszczenia wentylacji.","Technik w czarnym T-shirt i czerwonych rękawicach trzyma szczotkę, przy gotowej maszynie Rotobrush. Zdjęcie pokazuje etap przygotowania przed rozpoczęciem czysz","Technik Czyścimy Wentylacje w czarnym T-shirt i czerwonych rękawicach trzyma szczotkę, przy gotowej maszynie Rotobrush. Zdjęcie pokazuje etap przygotowania przed rozpoczęciem czysz","czyszczenie wentylacji, rotobrush, serwis wentylacji, wentylacja mechaniczna, hvac, przygotowanie do pracy, technik wentylacyjny, wideart.agency",technik-przygotowuje-sie-do-czyszczenia-wentylacji,technik-przygotowuje-sie-do-czyszczenia-wentylacji-2.avif,written,
M16A5160.avif,Przygotowanie do czyszczenia wentylacji metodą Rotobrush,Technik Czyścimy Wentylacje przed czyszczeniem wentylacji,Zdjęcie technika firmy Czyścimy Wentylacje w trakcie przygotowania do czyszczenia wentylacji metodą Rotobrush. Technik trzyma szczotkę i jest gotowy do rozpoczęcia pracy.,Technik z firmą Czyścimy Wentylacje trzymający szczotkę do czyszczenia wentylacji,Technik firmy Czyścimy Wentylacje przed czyszczeniem wentylacji metodą Rotobrush. Technik jest gotowy do rozpoczęcia pracy.,"czyszczenie wentylacji, rotobrush, serwis wentylacji, technik wentylacyjny, przygotowanie do czyszczenia, czyscimywentylacje.com.pl, wideart.agency, wentylacja mechaniczna",technik-przygotowuje-sie-do-czyszczenia-wentylacji,technik-przygotowuje-sie-do-czyszczenia-wentylacji-3.avif,written,
M16A5166.avif,Technik Czyścimy Wentylacje z Rotobrushem,Pracownik techniczny przedstawia narzędzie do czyszczenia wentylacji - Rotobrush,"Zdjęcie pokazuje pracownika firmy Czyścimy Wentylacje w black t-shirt i red gloves, trzymającego green brush z napisem 'Rotobrush'. Pracownik wskazuje na narzędzie, ukazując jego cechy.",Technik w czarnym koszulku i czerwonych rękawiczkach trzyma narzędzie Rotobrush,"Pracownik Czyścimy Wentylacje przedstawia narzędzia do czyszczenia wentylacji - Rotobrush, wskazując na jego ważne cechy.","czyszczenie wentylacji, rotobrush, pracownik techniczny, serwis wentylacji, hvac, technika wentylacyjna, narzędzia czystości, reportaż z realizacji",technik-rotobrush,technik-rotobrush.avif,written,
M16A5171.avif,Czyscimy Wentylacje - Przygotowanie do czyszczenia Rotobrush,Technik przygotowuje się do czyszczenia wentylacji metodą Rotobrush,"Zdjęcie przedstawia pracownika firmy Czyścimy Wentylacje, który przygotowuje się do wykonania usługi czyszczenia wentylacji metodą Rotobrush. Na zdjęciu widoczny jest technik z vacuum cleanerem w ręce.",Pracownik firmy Czyścimy Wentylacje przygotowujący się do czyszczenia wentylacji metodą Rotobrush,Technik firmy Czyścimy Wentylacje przygotowuje się do wykonania usługi czyszczenia wentylacji metodą Rotobrush.,"czyszczenie wentylacji, rotobrush, serwis wentylacji, pracownik techniczny, wideart.agency, czyścimywentylacje.com.pl, hvac, czyszczenie kanałów wentylacyjnych",technik-przygotowuje-sie-do-czyszczenia-wentylacji,technik-przygotowuje-sie-do-czyszczenia-wentylacji-4.avif,written,
M16A5181.avif,Czyszczenie wentylacji - przygotowanie do pracy,Pracownik Czyścimy Wentylacje przed rozpoczęciem czyszczenia metodą Rotobrush,Zdjęcie pokazuje pracownika firmy Czyścimy Wentylacje w procesie przygotowania do czyszczenia wentylacji metodą Rotobrush. Na zdjęciu widoczny jest pracownik z opisem sprzętu i uniformu.,"Pracownik firmy Czyścimy Wentylacje przed rozpoczęciem czyszczenia wentylacji, trzyma w ręku liście i sprzt Rotobrush",Zdjęcie przedstawia pracownika firmy Czyścimy Wentylacje w momencie przygotowania do pracy nad czyszczeniem wentylacji metodą Rotobrush.,"czyszczenie wentylacji, rotobrush, pracownik techniczny, serwis wentylacji, wentylacja mechaniczna, hvac, czyszczenie kanałów wentylacyjnych, wideart.agency",pracownik-przygotowanie-czyszczenia-wentylacji,pracownik-przygotowanie-czyszczenia-wentylacji.avif,written,
M16A5197.avif,Czyszczenie wentylacji metodą Rotobrush - Czyścimy Wentylacje,Pracownik Czyścimy Wentylacje czyste wentylację metodą Rotobrush,"Zdjęcie przedstawia pracownika firmy Czyścimy Wentylacje w trakcie czyszczenia wentylacji metodą Rotobrush. Pracownik trzyma strugę zieloną i czerwoną, a na rękawicach widnieje logo Rotobrush.","Pracownik Czyścimy Wentylacje czyste wentylację metodą Rotobrush, trzymając strugę zieloną i czerwoną",Zdjęcie przedstawia etap realizacji usługi czyszczenia wentylacji metodą Rotobrush. Pracownik Czyścimy Wentylacje używa specjalistycznego sprzętu do czysta wentylację.,"czyszczenie wentylacji, rotobrush, serwis wentylacji, pracownik techniczny, wentylacja mechaniczna, hvac, czyszczenie kanałów wentylacyjnych, usługi wentylacyjne",pracownik-czyscimy-wentylacje-rotobrush,pracownik-czyscimy-wentylacje-rotobrush-3.avif,written,
M16A5207.avif,Czyszczenie wentylacji metodą Rotobrush - etap przygotowania,Przygotowanie do czyszczenia wentylacji metodą Rotobrush,Zdjęcie przedstawia etap przygotowawczy do realizacji usługi czyszczenia wentylacji metodą Rotobrush. Technicy Czyścimy Wentylacje sprawdzają sprzęt i przygotowują się do rozpoczęcia pracy.,Technicy przygotowujący się do czyszczenia wentylacji metodą Rotobrush,"Przed rozpoczęciem usługi czyszczenia wentylacji, technicy Czyścimy Wentylacje sprawdzają sprzęt i przygotowują się do pracy.","czyszczenie wentylacji, rotobrush, serwis wentylacji, wentylacja mechaniczna, hvac, pracownik techniczny, wideart.agency, czyścimywentylacje",technicy-przygotowani-do-czyszczenia-wentylacji,technicy-przygotowani-do-czyszczenia-wentylacji.avif,written,
M16A5209.avif,Czyszczenie wentylacji metodą Rotobrush - przygotowanie,Przygotowanie do czyszczenia wentylacji metodą Rotobrush,Zdjęcie przedstawia etap przygotowania do czyszczenia wentylacji metodą Rotobrush. Pracownik firmy Czyścimy Wentylacje sprawdza sprzęt i przygotowuje się do rozpoczęcia usługi.,Pracownik techniczny przygotowujący sprzęt przed czyszczeniem wentylacji metodą Rotobrush,"Przed rozpoczęciem czyszczenia wentylacji, pracownik firmy Czyścimy Wentylacje sprawdza i przygotowuje niezbędne narzędzia.","czyszczenie wentylacji, rotobrush, serwis wentylacji, wentylacja mechaniczna, hvac, przygotowanie do usługi, techniczny, wideart.agency",czyszczenie-wentylacji-przygotowanie,czyszczenie-wentylacji-przygotowanie-3.avif,written,
M16A5212.avif,Czyscimy Wentylacje - Praca Techniczna z Rotobrush,Technicy Czyścimy Wentylacje w akcji: czyszczenie wentylacji metodą Rotobrush,Zdjęcie pokazuje pracownika firmy Czyścimy Wentylacje podczas realizacji usługi czyszczenia wentylacji metodą Rotobrush.,Pracownik techniczny firmy Czyścimy Wentylacje czysti wentylację metodą Rotobrush,Technicy Czyścimy Wentylacje wykonują czyszczenie wentylacji metodą Rotobrush.,"czyszczenie wentylacji, rotobrush, serwis wentylacji, wentylacja mechaniczna, hvac, usługi wentylacyjne, pracownik techniczny, czyścimy wentylacje",technician-cleaning-ducts-with-rotobrush,technician-cleaning-ducts-with-rotobrush-2.avif,written,
M16A5214.avif,Czyszczenie wentylacji - przygotowanie sprzętu,Przygotowanie do czyszczenia wentylacji metodą Rotobrush,"Zdjęcie przedstawia sprzęt potrzebny do czyszczenia wentylacji, w tym czerwony aspirator z czarnym uchwytem i oranżowo-białą rurą.","Czerwony aspirator z czarnym uchwytem i oranżowo-białą rurą leżący na chodniku, obok niego zielona szczotka do pyłu",Przygotowanie sprzętu przed rozpoczęciem czyszczenia wentylacji metodą Rotobrush.,"czyszczenie wentylacji, rotobrush, serwis wentylacji, hvac, aspirator, szczotka do pyłu, przygotowanie, techniczny",czyszczenie-wentylacji-przygotowanie-sprzetu,czyszczenie-wentylacji-przygotowanie-sprzetu.avif,written,
M16A5216.avif,Czyszczenie wentylacji - przygotowanie sprzętu,Przygotowanie do czyszczenia wentylacji metodą Rotobrush,"Zdjęcie przedstawia gotowy do użycia sprzątacz z załączonym wiertłem Rotobrush na chodniku. Sprzęt leży w pozycji skośnej, tworząc dynamiczne linie kierunkowe.",Sprzątacz z założoną szczotką Rotobrush na chodniku przed rozpoczęciem czyszczenia wentylacji,Przygotowanie sprzętu do czyszczenia wentylacji metodą Rotobrush. Sprzęt gotowy do użycia.,"czyszczenie wentylacji, rotobrush, serwis wentylacji, hvac, czyszczenie kanałów wentylacyjnych, przygotowanie sprzętu, techniczny sprzęt, wideart.agency",czyszczenie-wentylacji-przygotowanie-sprzetu,czyszczenie-wentylacji-przygotowanie-sprzetu-2.avif,written,
M16A5218.avif,Czyszczenie wentylacji metodą Rotobrush,Techniczni pracownicy używają Rotobrusha do czystości wentylacji,"Zdjęcie pokazuje moment realizacji usługi czyszczenia wentylacji za pomocą urządzenia Rotobrush. Znajduje się na nim czarny i czerwony pralko-vacuum cleaner z aktywnie używaną czerwoną rurą, która wskazuje na kontynuowan",Czarny i czerwony vacuum cleaner Rotobrush z aktywnie używaną czerwoną rurą do czyszczenia wentylacji,Techniczni pracownicy Czyścimy Wentylacje wykonują usługi czyszczenia wentylacji za pomocą urządzenia Rotobrush.,"czyszczenie wentylacji, rotobrush, serwis wentylacji, hvac, czyszczenie kanałów wentylacyjnych, usługi wentylacyjne, pracownik techniczny, wideart.agency",technician-using-rotobrush-for-duct-cleaning,technician-using-rotobrush-for-duct-cleaning.avif,written,
M16A5223.avif,Czyszczenie wentylacji - przygotowanie do pracy,Przygotowanie sprzętu przed czyszczeniem wentylacji metodą Rotobrush,"Dwaj pracownicy firmy Czyścimy Wentylacje przygotowują sprzęt wentylacyjny przed rozpoczęciem czyszczenia. Jeden z nich trzyma narzędzie do czyszczenia, a drugi sprężynę.","Dwaj mężczyźni w czerwonych t-shirtach przy sprzęcie wentylacyjnym, jeden z nartedziem do czyszczenia, drugi z sprężyną",Przygotowanie do czyszczenia wentylacji metodą Rotobrush. Pracownicy firmy Czyścimy Wentylacje sprawdzają sprzęt przed rozpoczęciem usługi.,"czyszczenie wentylacji, rotobrush, przygotowanie sprzętu, techniczni pracownicy, wentylacja mechaniczna, hvac, usługa wentylacyjna, sprzęt wentylacyjny",czyszczenie-wentylacji-przygotowanie,czyszczenie-wentylacji-przygotowanie-4.avif,written,
M16A5232.avif,Technik przygotowuje się do czyszczenia wentylacji metodą Rotobrush,Pracownik techniczny Czyścimy Wentylacje przed rozpoczęciem usługi czyszczenia wentylacji,"Zdjęcie pokazujące pracownika firmy Czyścimy Wentylacje w czarnym koszulku i czerwonych rękawikach, trzymającego czerwone rury i aspirator. Przygotowuje się do realizacji usługi czyszczenia wentylacji metodą Rotobrush.",Technik w czarnym koszulku z czerwonymi rękawikami trzyma czerwone rury i aspirator przed czerwonym furgonetem,"Pracownik Czyścimy Wentylacje przygotowuje się do czyszczenia wentylacji metodą Rotobrush, trzymając niezbędne narzędzia w rękach.","czyszczenie wentylacji, rotobrush, serwis wentylacji, technik wentylacyjny, przygotowanie do pracy, aspirator, rury wentylacyjne, czerwony furgonet",technik-przygotowuje-sie-do-czyszczenia-wentylacji,technik-przygotowuje-sie-do-czyszczenia-wentylacji-5.avif,written,
M16A5233.avif,Czyścimy Wentylacje - Przygotowanie do czyszczenia wentylacji metodą Rotobr,Technik Czyścimy Wentylacje przygotowuje się do czyszczenia wentylacji metodą Rotobrush,Technik w firmie Czyścimy Wentylacje przygotowuje sprzęt do czyszczenia wentylacji. Na zdjęciu widzimy technika z czerwonym vakuumem i kablem energetycznym.,Technik w firmie Czyścimy Wentylacje trzyma vakuum Rotobrush przygotowując się do czyszczenia wentylacji,Przygotowanie technika do czyszczenia wentylacji metodą Rotobrush przed rozpoczęciem pracy u klienta.,"czyszczenie wentylacji, rotobrush, serwis wentylacji, technik wentylacyjny, przygotowanie do pracy, czerwony vakuum, kabel energetyczny, red van",technik-przygotowuje-sklep-czyszczenie-wentylacji,technik-przygotowuje-sklep-czyszczenie-wentylacji.avif,written,
M16A5249.avif,Czyścimy Wentylacje - Przygotowanie do Czyszczenia Instalacji,Technicy przygotowują się do czyszczenia wentylacji metodą Rotobrush,"Dwaj technicy firmy Czyścimy Wentylacje w trakcie przygotowania do pracy - jednym z nich jest wyciągany przez okno, drugi obserwuje. Obydwoje noszą odpowiednie strój roboczy.","Dwaj technicy firmy Czyścimy Wentylacje w trakcie przygotowania do czyszczenia wentylacji - jednym z nich jest wyciągany przez okno, drugi obserwuje. Obydwoje n","Technicy firmy Czyścimy Wentylacje w trakcie przygotowania do czyszczenia wentylacji metodą Rotobrush - jednym z nich jest wyciągany przez okno, drugi obserwuje. Obydwoje noszą odp","czyszczenie wentylacji, przygotowanie do pracy, technicy wentylacyjni, strój roboczy, rotobrush, czyscimywentylacje.com.pl, wideart.agency, hvac",tech-preparation-for-cleaning,tech-preparation-for-cleaning-2.avif,written,
M16A5251.avif,Czyszczenie wentylacji metodą Rotobrush - etap przygotowania,Przygotowanie do czyszczenia wentylacji metodą Rotobrush,Zdjęcie przedstawia pracownika firmy Czyścimy Wentylacje podczas przygotowywania sprzętu do czyszczenia wentylacji metodą Rotobrush.,Pracownik techniczny przygotowuje sprzęt do czyszczenia wentylacji metodą Rotobrush,Technicy firmy Czyścimy Wentylacje wykonują staranne przygotowanie przed rozpoczęciem czyszczenia wentylacji.,"czyszczenie wentylacji, rotobrush, serwis wentylacji, wentylacja mechaniczna, hvac, przygotowanie do pracy, technicy wentylacyjni, czyszczenie kanałów wentylacyjnych",czyszczenie-wentylacji-przygotowanie,czyszczenie-wentylacji-przygotowanie-5.avif,written,
M16A5255.avif,Czyscimy Wentylacje - Przygotowanie do czyszczenia wentylacji metodą Rotobr,Pracownicy Czyścimy Wentylacje przygotowują się do czyszczenia wentylacji,Dwaj pracownicy firmy Czyścimy Wentylacje w czerwonych rękawikach i czarnych koszulkach przygotowują sprzęt przed rozpoczęciem czyszczenia wentylacji metodą Rotobrush.,"Pracownicy firmy Czyścimy Wentylacje przygotowują się do czyszczenia wentylacji, jeden trzyma kable, drugi wchodzi przez okno",Dwaj pracownicy Czyścimy Wentylacje przygotowują sprzęt i wchodzą na miejsce pracy przed rozpoczęciem czyszczenia wentylacji metodą Rotobrush.,"czyszczenie wentylacji, rotobrush, pracownik techniczny, serwis wentylacji, wentylacja mechaniczna, hvac, czyszczenie kanałów wentylacyjnych, usługi wentylacyjne",dwojew-pracownicy-czyscimy-wentylacje-przygotowanie,dwojew-pracownicy-czyscimy-wentylacje-przygotowanie.avif,written,
M16A5256.avif,Czyszczenie wentylacji metodą Rotobrush - pracownik w akcji,Pracownik Czyścimy Wentylacje realizuje usłgę czyszczenia wentylacji,Zdjęcie pracownika firmy Czyścimy Wentylacje przedstawiającego etap realizacji usługi czyszczenia wentylacji metodą Rotobrush. Zdjęcie jest umieszczone na ścianie jako część prezentacji.,"Pracownik firmy Czyścimy Wentylacje przedstawiający proces czyszczenia wentylacji metodą Rotobrush, zdjęcie umieszczone na ścianie","Zdjęcie pracownika realizującego usłgę czyszczenia wentylacji metodą Rotobrush, wykorzystywane jako część prezentacji firmy Czyścimy Wentylacje.","czyszczenie wentylacji, rotobrush, pracownik techniczny, usługa wentylacyjna, reportaż z realizacji, czyścimywentylacje.com.pl, serwis wentylacji, wentylacja mechaniczna",pracownik-czyszczenie-wentylacji,pracownik-czyszczenie-wentylacji.avif,written,
M16A5258.avif,Czyszczenie wentylacji metodą Rotobrush,Techniczny proces czyszczenia wentylacji z użyciem Rotobrush,"Pracownik Czyścimy Wentylacje wykonujący czyszczenie wentylacji metodą Rotobrush. Zdjęcie pokazuje etap przygotowania do pracy, gdzie technik trzyma w ręku sprayer z roztworem czyszczącym.",Techniczny proces czyszczenia wentylacji z użyciem Rotobrush - pracownika firmy Czyścimy Wentylacje przygotowującego się do pracy,"Pracownik techniczny firmy Czyścimy Wentylacje wykonujący czyszczenie wentylacji metodą Rotobrush. Zdjęcie pokazuje etap przygotowania do pracy, gdzie technik trzyma w ręku sprayer","czyszczenie wentylacji, rotobrush, serwis wentylacji, hvac, pracownik techniczny, wideart.agency, czyścimywentylacje, czyszczenie instalacji wentylacyjnych",technician-cleaning-with-rotobrush,technician-cleaning-with-rotobrush.avif,written,
M16A5260.avif,Czyszczenie wentylacji metodą Rotobrush - etap przygotowania,Pracownik Czyścimy Wentylacje przed czyszczeniem wentylacji,"Zdjęcie pokazuje pracownika firmy Czyścimy Wentylacje w trakcie przygotowywania do czyszczenia wentylacji metodą Rotobrush. Pracownik ubrany jest w czarną koszulkę i czerwone rękawiczki, używając specjalnego sprzętu.",Pracownik firmy Czyścimy Wentylacje przygotowuje się do czyszczenia wentylacji metodą Rotobrush,Zdjęcie przedstawia pracownika firmy Czyścimy Wentylacje w trakcie przygotowywania sprzętu do czyszczenia wentylacji metodą Rotobrush.,"czyszczenie wentylacji, rotobrush, pracownik techniczny, serwis wentylacji, hvac, czyszczenie instalacji wentylacyjnych, usługi wentylacyjne, wideart.agency",pracownik-przygotowanie-czyszczenia-wentylacji,pracownik-przygotowanie-czyszczenia-wentylacji-2.avif,written,
M16A5261.avif,Czyszczenie wentylacji metodą Rotobrush,Techniczny proces czyszczenia wentylacji za pomocą Rotobrush,"Zdjęcie przedstawia pracownika firmy Czyścimy Wentylacje w trakcie czyszczenia wentylacji metodą Rotobrush. Zdjęcie pokazuje etap pracy, gdzie technik monitoruje proces czyszczenia.",Techniczny pracownik firmy Czyścimy Wentylacje czyszczący wentylację za pomocą Rotobrush,"Pracownik Czyścimy Wentylacje w trakcie czyszczenia wentylacji metodą Rotobrush, monitoruje proces czyszczenia.","czyszczenie wentylacji, rotobrush, serwis wentylacji, wentylacja mechaniczna, hvac, techniczny pracownik, wideart.agency, czyszczenie kanałów wentylacyjnych",pracownik-czyszczy-wentylacje-rotobrush,pracownik-czyszczy-wentylacje-rotobrush.avif,written,
M16A5262.avif,Czyscimy Wentylacje - Praca Techniczna z Rotobrush,Technik Czyścimy Wentylacje przedstawia sprzęt do czyszczenia wentylacji,Zdjęcie technika firmy Czyścimy Wentylacje w trakcie realizacji usługi czyszczenia wentylacji metodą Rotobrush. Mężczyzna z red gloves trzyma hose podłączony do metalicznego panelu.,Technik firmy Czyścimy Wentylacje trzyma hose podłączony do panelu wentylacyjnego,Pracownik techniczny firmy Czyścimy Wentylacje przedstawia sprzęt do czyszczenia wentylacji metodą Rotobrush.,"czyszczenie wentylacji, rotobrush, serwis wentylacji, technik wentylacyjny, przygotowanie do pracy, hose wentylacyjne, panel wentylacyjny, wideart.agency",technik-czyszczenie-wentylacji-rotobrush,technik-czyszczenie-wentylacji-rotobrush-2.avif,written,
M16A5264.avif,Technik przed czyszczeniem wentylacji metodą Rotobrush,Przygotowanie do czyszczenia wentylacji - rozmowa z technikiem,"Zdjęcie pokazuje pracownika firmy Czyścimy Wentylacje przed rozpoczęciem usługi czyszczenia wentylacji metodą Rotobrush. Technik w ciemnej koszuli i kapeluszu przygotowuje się do pracy, trzymając plecak.",Technik firmy Czyścimy Wentylacje przed rozpoczęciem czyszczenia wentylacji metodą Rotobrush,Pracownik techniczny firmy Czyścimy Wentylacje przygotowuje się do realizacji usługi czyszczenia wentylacji metodą Rotobrush.,"czyszczenie wentylacji, rotobrush, serwis wentylacji, wentylacja mechaniczna, hvac, pracownik techniczny, wideart.agency, czyścimywentylacje",technik-przygotowanie-do-czyszczenia-wentylacji,technik-przygotowanie-do-czyszczenia-wentylacji-3.avif,written,
M16A5270.avif,Przygotowanie do czyszczenia wentylacji metodą Rotobrush,Technicy Czyścimy Wentylacje przygotowują się do czyszczenia wentylacji,Zdjęcie przedstawia pracowników firmy Czyścimy Wentylacje podczas przygotowywania sprzętu i narzędzi do czyszczenia wentylacji metodą Rotobrush.,"Pracownicy firmy Czyścimy Wentylacje przygotowują się do czyszczenia wentylacji, mają przy sobie narzędzia i sprzęt",Technicy firmy Czyścimy Wentylacje wykonujący czyszczenie wentylacji metodą Rotobrush przed rozpoczęciem pracy.,"czyszczenie wentylacji, rotobrush, serwis wentylacji, wentylacja mechaniczna, hvac, przygotowanie do pracy, technicy wentylacyjni, czyszczenie kanałów wentylacyjnych",pracownicy-czyscimy-wentylacje-przygotowywania-sie-do-pracy,pracownicy-czyscimy-wentylacje-przygotowywania-sie-do-pracy.avif,written,
M16A5275.avif,Technik Czyścimy Wentylacje przed czyszczeniem wentylacji,Pracownik techniczny przygotowuje się do czyszczenia wentylacji metodą Rotobrush,"Zdjęcie pokazujące pracownika firmy Czyścimy Wentylacje przed rozpoczęciem czyszczenia wentylacji. Technik w ciernie, gotów do pracy z narzędziem Rotobrush.",Technik w ciernie przygotowujący się do czyszczenia wentylacji metodą Rotobrush,Pracownik techniczny firmy Czyścimy Wentylacje przed rozpoczęciem czyszczenia wentylacji. Zdjęcie wykonane przez wideart.agency.,"czyszczenie wentylacji, rotobrush, pracownik techniczny, wentylacja mechaniczna, hvac, serwis wentylacji, reportaż z realizacji, wideart.agency",technik-przygotowuje-sie-do-czyszczenia-wentylacji,technik-przygotowuje-sie-do-czyszczenia-wentylacji-6.avif,written,
M16A5280.avif,Pracownik Czyścimy Wentylacje przed czyszczeniem wentylacji,Technik przygotowuje się do czyszczenia wentylacji metodą Rotobrush,"Zdjęcie przedstawia pracownika firmy Czyścimy Wentylacje, który gotuje się do wykonania usługi czyszczenia wentylacji. Na tle ściany z otworami metalowymi technik trzyma narzędzie.","Technik w czerwonej koszuli i czapce czarnej przygotowujący się do czyszczenia wentylacji, trzymając w ręku narzędzie",Pracownik Czyścimy Wentylacje przed rozpoczęciem czyszczenia wentylacji metodą Rotobrush. Technik gotuje się do wykonania usługi.,"czyszczenie wentylacji, rotobrush, pracownik techniczny, wentylacja mechaniczna, hvac, serwis wentylacji, czyszczenie instalacji wentylacyjnych, wideart.agency",technik-przygotowuje-sie-do-czyszczenia-wentylacji,technik-przygotowuje-sie-do-czyszczenia-wentylacji-7.avif,written,
M16A5282.avif,Czyszczenie wentylacji metodą Rotobrush,Technik Czyścimy Wentylacje czysti kanał wentylacyjny,Technik przygotowuje się do czyszczenia wentylacji za pomocą narzędzia Rotobrush. Zdjęcie pokazuje etap pracy nad instalacją wentylacyjną.,"Technik trzyma w ręku narzędzie Rotobrush, używane do czyszczenia wentylacji",Przygotowanie do czyszczenia wentylacji metodą Rotobrush. Technik Czyścimy Wentylacje pracuje nad instalacją wentylacyjną.,"czyszczenie wentylacji, rotobrush, serwis wentylacji, wentylacja mechaniczna, hvac, technik wentylacyjny, przygotowanie do pracy, wideart.agency",technik-czyszczenie-wentylacji-rotobrush,technik-czyszczenie-wentylacji-rotobrush-3.avif,written,
M16A5284.avif,Czyszczenie wentylacji metodą Rotobrush,Technik czyste wentylację - proces czyszczenia kanałów wentylacyjnych,"Zdjęcie pokazuje technika czyszczącewentylację metodą Rotobrush, używając specjalnego narzędzia do czyszczenia. Technik w red gantях.","Technik czyst wentylację z narzędziem Rotobrush, przygotowany do pracy","Technik pracuje nad czyszczeniem wentylacji metodą Rotobrush, używając specjalnego narzędzia. Przygotowanie i realizacja usługi serwisowej.","czyszczenie wentylacji, rotobrush, serwis wentylacji, wentylacja mechaniczna, hvac, technik wentylacyjny, praca techniczna, cleaning ducts",technik-czysci-wentylacje-rotobrush,technik-czysci-wentylacje-rotobrush.avif,written,
M16A5287.avif,Czyszczenie wentylacji metodą Rotobrush,Techniczny czyszczy wentylację metodą Rotobrush,"Zdjęcie przedstawia pracownika firmy Czyścimy Wentylacje podczas czyszczenia wentylacji metodą Rotobrush. Wykorzystywany jest czerwony aspirator, a instalacja wentylacyjna ma zielono-białe barwy.",Pracownik firmy Czyścimy Wentylacje czyszczący wentylację metodą Rotobrush przy użyciu czerwonego aspiratora,"Techniczny pracuje nad czyszczeniem wentylacji metodą Rotobrush, wykonując regularne usługi techniczne.","czyszczenie wentylacji, rotobrush, serwis wentylacji, wentylacja mechaniczna, hvac, aspirator, pracownik techniczny, czyścimywentylacje",technician-cleaning-ventilation-with-rotobrush,technician-cleaning-ventilation-with-rotobrush.avif,written,
M16A5291.avif,Czyścimy Wentylacje - Przygotowanie do czyszczenia wentylacji metodą Rotobr,Pracownik Czyścimy Wentylacje przed rozpoczęciem czyszczenia wentylacji metodą Rotobrush,"Zdjęcie pokazuje pracownika firmy Czyścimy Wentylacje w mundurze z napisem 'Rotobrush' przygotowującego się do realizacji usługi czyszczenia wentylacji. Znajduje się na otwartej przestrzeni, przed rozpoczęciem pracy.",Pracownik Czyścimy Wentylacje w mundurze z napisem 'Rotobrush' stojący przed czyszczeniem wentylacji,"Zdjęcie przedstawia pracownika firmy Czyścimy Wentylacje, gotowego do rozpoczęcia czyszczenia wentylacji metodą Rotobrush.","czyszczenie wentylacji, rotobrush, pracownik techniczny, wentylacja mechaniczna, hvac, serwis wentylacji, czyścimy wentylacje, wideart.agency",pracownik-czyscimy-wentylacje-przygotowanie,pracownik-czyscimy-wentylacje-przygotowanie-2.avif,written,
M16A5294.avif,Czyszczenie wentylacji metodą Rotobrush,Technik Czyścimy Wentylacje pracuje nad czystością instalacji wentylacyjnej,"Zdjęcie pokazujące technika w trakcie czyszczenia wentylacji metodą Rotobrush. Osoba ubrana w t-shirt z napisem 'Rotobrush' i 'International LLC', z czerwonym narzędziem do czyszczenia w ręce, stojąc przed wentylacją.","Technik w trakcie czyszczenia wentylacji metodą Rotobrush, z czerwonym narzędziem w ręce",Pracownik Czyścimy Wentylacje wykonujący czyszczenie wentylacji metodą Rotobrush.,"czyszczenie wentylacji, rotobrush, serwis wentylacji, technik wentylacyjny, czyszczenie instalacji wentylacyjnych, praca techniczna, usługi wentylacyjne, wentylacja mechaniczna",technik-czyszczy-wentylacje-rotobrush,technik-czyszczy-wentylacje-rotobrush.avif,written,
M16A5297.avif,Technik czyszczenia wentylacji przed rozpoczęciem pracy,Przygotowanie do czyszczenia wentylacji metodą Rotobrush,"Zdjęcie technika firmy Czyścimy Wentylacje z czerwonym kabelkiem w ręce, gotowego do rozpoczęcia usługi czyszczenia wentylacji. Znajduje się na tle szarej ściany i schodów prowadzących do budynku.",Technik firmy Czyścimy Wentylacje z czerwonym kabelkiem w ręce przed rozpoczęciem czyszczenia wentylacji,Pracownik techniczny firmy Czyścimy Wentylacje gotowy do realizacji usługi czyszczenia wentylacji metodą Rotobrush.,"czyszczenie wentylacji, rotobrush, przygotowanie, technik wentylacyjny, wideart.agency, czyścimywentylacje.com.pl, usługa techniczna, hvac, czyszczenie instalacji wentylacyjnych",technik-przed-czyszczeniem-wentylacji,technik-przed-czyszczeniem-wentylacji.avif,written,
M16A5299.avif,Czyścimy Wentylacje - Przygotowanie do czyszczenia wentylacji,Pracownik Czyścimy Wentylacje przygotowuje się do czyszczenia wentylacji metodą Rotobrush,"Zdjęcie przedstawia pracownika firmy Czyścimy Wentylacje, który przygotowuje się do czyszczenia wentylacji metodą Rotobrush. Wokół niego znajduje się niezbędny sprzęt.",Pracownik firmy Czyścimy Wentylacje z narzędziem do czyszczenia wentylacji i potrzebnym sprzętem,"Przed rozpoczęciem usługi czyszczenia wentylacji, pracownik firmy Czyścimy Wentylacje przygotowuje niezbędny sprzęt.","czyszczenie wentylacji, rotobrush, serwis wentylacji, hvac, pracownik techniczny, sprzęt do czyszczenia, wentylacja mechaniczna, czyszczenie kanałów wentylacyjnych",pracownik-przygotowanie-czyszczenia-wentylacji,pracownik-przygotowanie-czyszczenia-wentylacji-3.avif,written,
M16A5303.avif,Czyscimy Wentylacje - Praca z Rotobrushem,Techniczny proces czyszczenia wentylacji metodą Rotobrush,"Zdjęcie przedstawia pracownika Czyścimy Wentylacje obsługującego narzędzie Rotobrush do czyszczenia wentylacji. Mężczyzna trzyma złącze narzędzia, które jest umieszczone na wozku. Zdjęcie pokazuje etap realizacji usługi.",Pracownik Czyścimy Wentylacje obsługujący Rotobrush do czyszczenia wentylacji,Techniczny proces czyszczenia wentylacji metodą Rotobrush przed budynkiem z oknem,"czyszczenie wentylacji, rotobrush, serwis wentylacji, wentylacja mechaniczna, hvac, pracownik techniczny, czyścimywentylacje, wideart.agency",technician-using-rotobrush,technician-using-rotobrush.avif,written,
M16A5309.avif,Czyszczenie wentylacji metodą Rotobrush - etap przygotowania,Pracownik Czyścimy Wentylacje wykonuje czystowanie wentylacji za pomocą Rotobrusha,"Zdjęcie przedstawia pracownika firmy Czyścimy Wentylacje w trakcie przygotowywania do czyszczenia wentylacji metodą Rotobrush. Pracownik korzysta z czerwonego sprztu, stojąc na platformie.",Pracownik firmy Czyścimy Wentylacje przygotowuje się do czyszczenia wentylacji za pomocą czerwonego Rotobrusha,"Zdjęcie pokazuje etap przygotowania do czyszczenia wentylacji metodą Rotobrush. Pracownik firmy Czyścimy Wentylacje korzysta z specjalistycznego sprzętu, stojąc na platformie.","czyszczenie wentylacji, rotobrush, serwis wentylacji, wentylacja mechaniczna, hvac, pracownik techniczny, wideart.agency, czyścimywentylacje",pracownik-czyszczenie-wentylacji-rotobrush,pracownik-czyszczenie-wentylacji-rotobrush.avif,written,
M16A5313.avif,Czyszczenie wentylacji metodą Rotobrush - pracownik techniczny,Pracownik Czyścimy Wentylacje przed czyszczeniem wentylacji na ruchomościu,"Zdjęcie przedstawia pracownika firmy Czyścimy Wentylacje, który jest odpowiedzialny za czyszczenie instalacji wentylacyjnych metodą Rotobrush.",Pracownik firmy Czyścimy Wentylacje przygotowujący się do czyszczenia wentylacji na ruchomościu,"Zdjęcie przedstawia pracownika firmy Czyścimy Wentylacje, który jest odpowiedzialny za czyszczenie instalacji wentylacyjnych metodą Rotobrush.","czyszczenie wentylacji, rotobrush, pracownik techniczny, wentylacja mechaniczna, hvac, serwis wentylacji, reportaż z realizacji, wideart.agency",pracownik-czyscimy-wentylacje-przygotowanie,pracownik-czyscimy-wentylacje-przygotowanie-3.avif,written,
M16A5323.avif,Przygotowanie do czyszczenia wentylacji metodą Rotobrush,Technik Czyścimy Wentylacje przed startem prac czystości,Zdjęcie pokazuje technika przygotowującego się do czyszczenia wentylacji metodą Rotobrush. Na zdjęciu widzimy mężczyznę w czarnym T-shirtie i czerwonych rękawikach z przenośnym aspiratorem i szczotką.,Technik Czyścimy Wentylacje z przenośnym aspiratorem i szczotką przed budynkiem,"Przed rozpoczęciem czyszczenia wentylacji metodą Rotobrush, technik Czyścimy Wentylacje przygotowuje swoje narzędzia.","czyszczenie wentylacji, rotobrush, technik wentylacyjny, przygotowanie do pracy, aspirator, szczotka, wideart.agency, serwis wentylacji",technik-przygotowuje-sie-do-czyszczenia-wentylacji,technik-przygotowuje-sie-do-czyszczenia-wentylacji-8.avif,written,
M16A5326.avif,Przygotowanie do czyszczenia wentylacji - Czyścimy Wentylacje,Technik przygotowuje się do realizacji usługi czyszczenia wentylacji metodą Rotobrush,"Zdjęcie przedstawia technika w red hoodie i jeansach, który przygotowuje się do pracy z fotografem. Tło pokazuje kwiaty i drzewa.",Technik w red hoodie przygotowujący się do czyszczenia wentylacji metodą Rotobrush,Przygotowanie technika przed rozpoczęciem usługi czyszczenia wentylacji metodą Rotobrush. Wideart.agency.,"czyszczenie wentylacji, rotobrush, serwis wentylacji, wentylacja mechaniczna, hvac, przygotowanie do pracy, technik wentylacyjny, wideart.agency",tech-preparation-for-duct-cleaning,tech-preparation-for-duct-cleaning.avif,written,
M16A5351.avif,Przygotowanie do czyszczenia wentylacji metodą Rotobrush,Technik przygotowuje się do pracy z narzędziami Rotobrush,"Technik w czerwonej koszuli stoi na schodach, trzymając skrzynię narzędziową z przewodem. Przygotowanie przed czyszczeniem wentylacji metodą Rotobrush.",Technik przygotowujący się do pracy z narzędziami do czyszczenia wentylacji,Pracownik techniczny Czyścimy Wentylacje przygotowuje się do realizacji usługi czyszczenia wentylacji metodą Rotobrush.,"czyszczenie wentylacji, rotobrush, serwis wentylacji, hvac, przygotowanie pracy, technik wentylacyjny, wideart.agency, czyścimywentylacje",technik-przygotowuje-sie-do-czyszczenia-wentylacji,technik-przygotowuje-sie-do-czyszczenia-wentylacji-9.avif,written,
M16A5352.avif,Technik czyszczy wentylację metodą Rotobrush,Pracownik Czyścimy Wentylacje pracuje nad instalacją wentylacyjną,"Zdjęcie przedstawia technika firmy Czyścimy Wentylacje, który wykonuje czyszczenie wentylacji metodą Rotobrush. Pracownik ubrany jest w t-shirt z napisem 'Czystość' i trzyma w ręku narzędzie do czyszczenia.","Technik firmy Czyścimy Wentylacje pracuje nad wentylacją, trzymając w ręce narzędzie Rotobrush",Pracownik techniczny firmy Czyścimy Wentylacje wykonuje czyszczenie wentylacji metodą Rotobrush.,"czyszczenie wentylacji, rotobrush, pracownik techniczny, wentylacja mechaniczna, hvac, serwis wentylacji, technika wentylacyjna, czystość",technik-czyszczy-wentylacje,technik-czyszczy-wentylacje.avif,written,
M16A5353.avif,Technik Czyścimy Wentylacje przygotowuje się do czyszczenia wentylacji,Pracownik techniczny przewozi filtr powietrza przed rozpoczęciem czyszczenia wentylacji me,"Technik Czyścimy Wentylacje przenosi wielki biały filtr powietrzny na czarnym wózku z kołami. Pracownik ubrany jest w czarne koszulę i dżinsy, idzie w kierunku kamery przed rozpoczęciem czyszczenia wentylacji metodą Roto",Technik przenosi biały filtr powietrzny na czarnym wózku z kołami do przygotowania się do czyszczenia wentylacji,Pracownik Czyścimy Wentylacje przewozi filtr powietrza przed rozpoczęciem czyszczenia wentylacji metodą Rotobrush.,"czyszczenie wentylacji, rotobrush, serwis wentylacji, filtr powietrzny, technik wentylacyjny, przygotowanie do pracy, hvac, czyscimywentylacje",technik-przygotowuje-sie-do-czyszczenia-wentylacji,technik-przygotowuje-sie-do-czyszczenia-wentylacji-10.avif,written,
M16A5367.avif,Czyszczenie wentylacji metodą Rotobrush - Czyścimy Wentylacje,Technicy realizują czyszczenie wentylacji metodą Rotobrush,"Dwaj pracownicy firmy Czyścimy Wentylacje wykonujący czyszczenie wentylacji metodą Rotobrush. Jeden z nich na wózku hydraulicznym, drugi siedzący na podłodze.","Technicy firmy Czyścimy Wentylacje wykonują czyszczenie wentylacji metodą Rotobrush, jeden na wózku hydraulicznym, drugi siedzi na ziemi",Pracownicy firmy Czyścimy Wentylacje wykonujący czyszczenie wentylacji metodą Rotobrush. W tle widoczne są elementy otoczenia.,"czyszczenie wentylacji, rotobrush, serwis wentylacji, pracownik techniczny, wentylacja mechaniczna, hvac, usługi wentylacyjne, wideart.agency",technicy-czyszczenie-wentylacji-rotobrush,technicy-czyszczenie-wentylacji-rotobrush.avif,written,
M16A5374.avif,Technik przygotowuje Rotobrush przed czyszczeniem wentylacji,Przygotowanie urządzenia do czyszczenia wentylacji metodą Rotobrush,Techniczny pracownik Czyścimy Wentylacje przygotowuje urządzenie Rotobrush na stole przed rozpoczęciem czyszczenia wentylacji. Tło z wędki i ławy wskazuje na miejsce pracy.,Technik przygotowujący urządzenie Rotobrush do czyszczenia wentylacji,Przygotowanie urządzenia Rotobrush przed rozpoczęciem czyszczenia wentylacji metodą Rotobrush. Techniczny pracownik Czyścimy Wentylacje.,"czyszczenie wentylacji, rotobrush, przygotowanie, techniczny pracownik, urządzenie, wentylacja mechaniczna, hvac, czyszczenie instalacji wentylacyjnych",technician-preparing-rotobrush,technician-preparing-rotobrush.avif,written,
M16A5375.avif,Czyszczenie wentylacji metodą Rotobrush - etap przygotowania,Przygotowanie do czyszczenia wentylacji metodą Rotobrush,Zdjęcie przedstawia pracownika firmy Czyścimy Wentylacje podczas przygotowywania sprzętu do czyszczenia wentylacji metodą Rotobrush.,Pracownik techniczny przygotowuje sprzęt do czyszczenia wentylacji metodą Rotobrush,Technicy firmy Czyścimy Wentylacje wykonują staranne przygotowanie przed rozpoczęciem czyszczenia wentylacji metodą Rotobrush.,"czyszczenie wentylacji, rotobrush, serwis wentylacji, wentylacja mechaniczna, hvac, przygotowanie do pracy, technicy wentylacyjni, czyszczenie kanałów wentylacyjnych",czyszczenie-wentylacji-przygotowanie,czyszczenie-wentylacji-przygotowanie-6.avif,written,
M16A5376.avif,Czyścimy Wentylacje - czyszczenie wentylacji metodą Rotobrush,Pracownik Czyścimy Wentylacje czyste wentylację metodą Rotobrush,"Technik pracujący nad czyszczeniem wentylacji wewnątrz budynku, używając specjalnego sprzętu. Zdjęcie pokazuje etap pracy nad instalacją wentylacyjną.",Pracownik techniczny czyste wentylację metodą Rotobrush w biurze,Technik Czyścimy Wentylacje wykonujący czyszczenie wentylacji metodą Rotobrush wewnątrz budynku.,"czyszczenie wentylacji, rotobrush, serwis wentylacji, wentylacja mechaniczna, hvac, pracownik techniczny, wideart.agency, czyścimywentylacje",technik-czyszczy-wentylacje,technik-czyszczy-wentylacje-2.avif,written,
M16A5378.avif,Pracownik Czyścimy Wentylacje przed zleceniem,Technik rozmawia o czyszczeniu wentylacji metodą Rotobrush,Zdjęcie technika firmy Czyścimy Wentylacje przed rozpoczęciem usługi czyszczenia wentylacji metodą Rotobrush. Technik pracuje na laptopie z projektem.,Technik firmy Czyścimy Wentylacje rozmawia o czyszczeniu wentylacji przed rozpoczęciem pracy,"Pracownik techniczny firmy Czyścimy Wentylacje przed rozpoczęciem usługi czyszczenia wentylacji metodą Rotobrush, pracuje na laptopie z projektem.","czyszczenie wentylacji, rotobrush, pracownik techniczny, wentylacja mechaniczna, hvac, serwis wentylacji, reportaż z realizacji, wideart.agency",technik-przed-zleceniem-czyscimy-wentylacje,technik-przed-zleceniem-czyscimy-wentylacje.avif,written,
M16A5380.avif,Czyszczenie wentylacji metodą Rotobrush - etap pracy,Technik Czyścimy Wentylacje pracuje nad czystością instalacji wentylacyjnej,"Zdjęcie przedstawia technika w trakcie czyszczenia wentylacji metodą Rotobrush. Pracownik ubrany jest w koszulkę z napisem 'Rotobrush' i czerwone rękawiczki, wykonuje pracę nad górnej części jednostki wentylacyjnej.","Technik czyszczy wentylację metodą Rotobrush, stojąc na palcach i używając błękitnego szczotka",Pracownik Czyścimy Wentylacje wykonuje staranną pracę nad czyszczeniem wentylacji w ramach usługi serwisowej.,"czyszczenie wentylacji, rotobrush, serwis wentylacji, technik wentylacyjny, praca techniczna, czyszczenie instalacji wentylacyjnych, usługa wentylacyjna, wideart.agency",technik-czyszczy-wentylacje-rotobrush,technik-czyszczy-wentylacje-rotobrush-2.avif,written,
M16A5386.avif,Czyszczenie wentylacji metodą Rotobrush - Czyścimy Wentylacje,Technicy pracują nad czyszzeniem wentylacji metodą Rotobrush,"Dwaj technicy firmy Czyścimy Wentylacje pracują nad czyszzeniem wentylacji. Jeden z nich znajduje się na platformie, a drugi na ziemi. W tle widoczny mural w kolorze orangej.",Dwaj technicy firmy Czyścimy Wentylacje pracują nad czyszzeniem wentylacji metodą Rotobrush,"Technicy firmy Czyścimy Wentylacje wykonujący czyszczenie wentylacji metodą Rotobrush. Jeden z nich znajduje się na platformie, a drugi na ziemi.","czyszczenie wentylacji, rotobrush, technicy wentylacyjni, praca techniczna, wentylacja mechaniczna, hvac, serwis wentylacji, czyścimywentylacje",techs-cleaning-ducts-with-rotobrush,techs-cleaning-ducts-with-rotobrush.avif,written,
M16A5389.avif,Czyszczenie wentylacji metodą Rotobrush - etap realizacji,Technicy Czyścimy Wentylacje w trakcie czyszczenia wentylacji metodą Rotobrush,"Dwa techniki firmy Czyścimy Wentylacje wykonują czyszczenie wentylacji metodą Rotobrush. Jeden z nich pracuje na stołku, drugi siedzi na podłodze przy instalacji wentylacyjnej.","Dwa technicy firmy Czyścimy Wentylacje wykonują czyszczenie wentylacji metodą Rotobrush. Jeden z nich pracuje na stołku, drugi siedzi na podłodze przy instalacj",Technicy firmy Czyścimy Wentylacje w trakcie realizacji usługi czyszczenia wentylacji metodą Rotobrush. W tle widoczne są elementy instalacji wentylacyjnej oraz kamera zainstalowan,"czyszczenie wentylacji, rotobrush, serwis wentylacji, technicy wentylacji, instalacja wentylacyjna, hvac, praca techniczna, reportaż z realizacji",techs-cleaning-ductwork-with-rotobrush,techs-cleaning-ductwork-with-rotobrush.avif,written,
M16A5395.avif,Czyscimy Wentylacje - Praca Techniczna z Rotobrush,Technicy Czyścimy Wentylacje na platformie podczas czyszczenia wentylacji metodą Rotobrush,"Dwoje techników w t-shirtach Rotobrush pracuje nad czyszczeniem wentylacji - jeden na platformie, drugi pod nią. Platforma niebieska z wyposażeniem do czyszczenia wentylacji.","Technicy Czyścimy Wentylacje w t-shirtach Rotobrush pracują nad czyszczeniem wentylacji - jednego widzimy na platformie, drugiego pod nią. W tle orange hexagony","Dwoje techników Czyścimy Wentylacje w ciemno pomarańczowych t-shirtach z napisem Rotobrush pracuje nad czyszczeniem wentylacji - jeden na platformie, drugi pod nią. W tle widoczne","czyszczenie wentylacji, rotobrush, pracownik techniczny, serwis wentylacji, hvac, czyszczenie instalacji wentylacyjnych, usługi wentylacyjne, technika wentylacyjna",dwoje-technikow-czyscimy-wentylacje,dwoje-technikow-czyscimy-wentylacje.avif,written,
M16A5398.avif,Czyszczenie wentylacji metodą Rotobrush - przygotowanie,Przygotowanie do czyszczenia wentylacji metodą Rotobrush,"Dwójka mężczyzn w t-shirtach z napisem 'Rotobrush' przygotowuje się do pracy, trzymając brosze. Jedna osoba na platformie, druga podtrzymuje go.",Mężczyźni w t-shirtach z napisem Rotobrush przygotowują narzędzia do czyszczenia wentylacji,"Przygotowanie do czyszczenia wentylacji metodą Rotobrush - dwoje mężczyzn trzyma brosze, jedna osoba na platformie, druga podtrzymuje go.","czyszczenie wentylacji, rotobrush, przygotowanie, techniczni pracownicy, naruszanie wentylacyjne, hvac, serwis wentylacji, wentylacja mechaniczna",dwoje-mezczyzn-przygotowani-do-czyszczenia-wentylacji,dwoje-mezczyzn-przygotowani-do-czyszczenia-wentylacji.avif,written,
M16A5399.avif,Pracownicy Czyścimy Wentylacje przygotowują sprzęt,Technicy Czyścimy Wentylacje przed czyszczeniem wentylacji metodą Rotobrush,"Dwójka pracowników firmy Czyścimy Wentylacje przygotowuje sprzęt do czyszczenia wentylacji. Jeden z nich trzyma narzędzie, a drugi nosi t-shirt z nazwą firmy.",Technicy firmy Czyścimy Wentylacje przygotowują sprzęt do czyszczenia wentylacji,Pracownicy Czyścimy Wentylacje przed rozpoczęciem czyszczenia wentylacji metodą Rotobrush. W tle widoczny mur z kwiatakami.,"czyszczenie wentylacji, pracownik techniczny, serwis wentylacji, rotobrush, czyścimywentylacje, hvac, czyszczenie instalacji wentylacyjnych, technicy wentylacji",pracownicy-czyscimy-wentylacje-przygotowani-do-czyszczenia,pracownicy-czyscimy-wentylacje-przygotowani-do-czyszczenia.avif,written,
M16A5408.avif,Czyscimy Wentylacje - Praca z Rotobrush,Technicy Czyścimy Wentylacje pracują nad czyszczeniem wentylacji metodą Rotobrush,"Dwójka techników firmy Czyścimy Wentylacje wykonuje czyszczenie wentylacji za pomocą specjalistycznego sprzętu. Jeden z nich jest na trampolinie, a drugi na ziemi.","Technicy firmy Rotobrush pracują nad czyszczeniem wentylacji, jeden na trampolinie, drugi na ziemi","Dwójka techników Czyścimy Wentylacje wykonuje czyszczenie wentylacji metodą Rotobrush. Jeden z nich jest na trampolinie, a drugi na ziemi.","czyszczenie wentylacji, rotobrush, serwis wentylacji, hvac, technicy wentylacyjni, praca techniczna, sprzęt wentylacyjny, trampolina",techs-working-with-rotobrush,techs-working-with-rotobrush.avif,written,
M16A5411.avif,Czyszczenie wentylacji metodą Rotobrush - dwa pracownicy,Pracownicy Czyścimy Wentylacje podczas czyszczenia wentylacji,"Dwaj pracownicy firmy Czyścimy Wentylacje wykonują usługi czyszczenia wentylacji metodą Rotobrush. Jeden z nich trzyma brokułę, a drugi narzędzie Rotobrush.",Pracownicy firmy Czyścimy Wentylacje podczas czyszczenia wentylacji metodą Rotobrush,"Dwaj pracownicy firmy Czyścimy Wentylacje wykonują usługi czyszczenia wentylacji. Jeden z nich trzyma brokułę, a drugi narzędzie Rotobrush.","czyszczenie wentylacji, rotobrush, pracownicy techniczni, wentylacja mechaniczna, hvac, serwis wentylacji, usługi wentylacyjne, czyścimy wentylacje",czyszczenie-wentylacji-rotobrush-pracownicy,czyszczenie-wentylacji-rotobrush-pracownicy.avif,written,
M16A5424.avif,Przygotowanie do czyszczenia wentylacji metodą Rotobrush,Technicy Czyścimy Wentylacje przed rozpoczęciem czyszczenia wentylacji,Zdjęcie pokazuje techników firmy Czyścimy Wentylacje przygotowujących się do czyszczenia wentylacji metodą Rotobrush. Pracownicy sprawdzają sprzęt i ustalają plan realizacji usługi.,Technicy firmy Czyścimy Wentylacje przygotowują się do czyszczenia wentylacji metodą Rotobrush,"Przed rozpoczęciem czyszczenia wentylacji, technicy firmy Czyścimy Wentylacje sprawdzają sprzęt i ustalają plan realizacji usługi.","czyszczenie wentylacji, rotobrush, serwis wentylacji, wentylacja mechaniczna, hvac, pracownik techniczny, wideart.agency, czyścimywentylacje",technicy-przygotowanie-czyszczenia-wentylacji,technicy-przygotowanie-czyszczenia-wentylacji.avif,written,
M16A5429.avif,Pracownik Czyścimy Wentylacje przed zleceniem,Technik przygotowuje się do czyszczenia wentylacji metodą Rotobrush,"Zdjęcie pokazujące pracownika firmy Czyścimy Wentylacje siedzącego przed laptopem, gotowego do rozpoczęcia zlecenia czyszczenia wentylacji.","Pracownik techniczny firmy Czyścimy Wentylacje siedzi przy otwartym laptopie, przygotowując się do realizacji zlecenia czyszczenia wentylacji metodą Rotobrush",Technik pracujący w firmie Czyścimy Wentylacje przygotowuje się do wykonania zlecenia czyszczenia wentylacji metodą Rotobrush.,"czyszczenie wentylacji, rotobrush, pracownik techniczny, wentylacja mechaniczna, hvac, serwis wentylacji, usługi wentylacyjne, czyścimywentylacje.com.pl",technik-przygotowuje-sie-do-zlecenia-czyszczenia-wentylacji,technik-przygotowuje-sie-do-zlecenia-czyszczenia-wentylacji.avif,written,
M16A5430.avif,Pracownik Czyścimy Wentylacje przygotowuje się do czyszczenia wentylacji,Technik Czyścimy Wentylacje korzysta z laptopa przed rozpoczęciem pracy,Zdjęcie pokazujące pracownika firmy Czyścimy Wentylacje przygotowującego się do czyszczenia wentylacji za pomocą laptopa na wózku. W tle widoczny jest stojak z klawiaturą i ekranem.,Pracownik firmy Czyścimy Wentylacje korzysta z laptopa na wózku przed rozpoczęciem czyszczenia wentylacji,"Technik Czyścimy Wentylacje przygotowuje się do realizacji usługi czyszczenia wentylacji metodą Rotobrush, korzystając z laptopa na wózku.","czyszczenie wentylacji, pracownik techniczny, laptop, wentylacja mechaniczna, serwis wentylacji, wideart.agency, czyścimywentylacje.com.pl, rotobrush",technik-przygotowuje-sie-do-czyszczenia-wentylacji,technik-przygotowuje-sie-do-czyszczenia-wentylacji-11.avif,written,
M16A5431.avif,Technik przygotowuje Rotobrush do czyszczenia wentylacji,Przygotowanie urządzenia Rotobrush przed rozpoczęciem pracy,"Zdjęcie technika, który przygotowuje urządzenie Rotobrush do czyszczenia wentylacji w profesjonalnym środowisku. Technik korzysta z remota do ustawień urządzenia.",Technik przygotowujący Rotobrush do czyszczenia wentylacji za pomocą remote,Przygotowanie urządzenia Rotobrush przed rozpoczęciem czyszczenia wentylacji w profesjonalnym środowisku,"czyszczenie wentylacji, rotobrush, serwis wentylacji, technik wentylacyjny, przygotowanie do pracy, czyszczenie kanałów wentylacyjnych, hvac, wideart.agency",technik-przygotowuje-rotobrush-do-czyszczenia-wentylacji,technik-przygotowuje-rotobrush-do-czyszczenia-wentylacji.avif,written,
M16A5440.avif,Przygotowanie do czyszczenia wentylacji metodą Rotobrush,Technik przygotowuje sprzęt przed czyszczeniem wentylacji,"Zdjęcie pokazujące technika w czarnym t-shirt i czerwonych rękawiczkach stojącego na metalowej platformie z wyposażeniem do czyszczenia wentylacji, w tym sprężynką i kablami.",Technik przygotowujący sprzęt do czyszczenia wentylacji metodą Rotobrush,Przygotowanie do realizacji usługi czyszczenia wentylacji - technik sprawdza wyposażenie przed rozpoczęciem pracy.,"czyszczenie wentylacji, rotobrush, serwis wentylacji, przygotowanie, techniczny, wideart.agency, czyścimywentylacje, sprzęt",technik-przygotowuje-sprzet-do-czyszczenia-wentylacji,technik-przygotowuje-sprzet-do-czyszczenia-wentylacji-2.avif,written,
M16A5441.avif,Czyszczenie wentylacji metodą Rotobrush - Czyścimy Wentylacje,Pracownik Czyścimy Wentylacje czysti wentylację metodą Rotobrush,Zdjęcie przedstawia pracownika firmy Czyścimy Wentylacje w trakcie realizacji usługi czyszczenia wentylacji metodą Rotobrush.,Pracownik firmy Czyścimy Wentylacje czysti wentylację metodą Rotobrush,Techniczni pracownicy Czyścimy Wentylacje wykonują usługi czyszczenia wentylacji metodą Rotobrush.,"czyszczenie wentylacji, rotobrush, serwis wentylacji, wentylacja mechaniczna, hvac, usługi wentylacyjne, obsługa techniczna, reportaż z realizacji",pracownik-czyscimy-wentylacje-czyszczenie-gotobrush,pracownik-czyscimy-wentylacje-czyszczenie-gotobrush.avif,written,
M16A5451.avif,Czyszczenie wentylacji metodą Rotobrush,Technik czyste wentylację metodą Rotobrush,"Zdjęcie przedstawia technika czyszczącego wentylację za pomocą urządzenia Rotobrush na zewnątrz. Technik trzyma w ręku czerwoną część urządzenia, a tło tworzy szara gruzowa powierzchnia.",Technik czyst wentylację metodą Rotobrush na zewnątrz,Technik pracujący nad czyszczeniem wentylacji za pomocą urządzenia Rotobrush. Zdjęcie wykonane przez wideart.agency dla Czyścimy Wentylacje.,"czyszczenie wentylacji, rotobrush, technik wentylacyjny, praca techniczna, hvac, wentylacja mechaniczna, serwis wentylacji, wideart.agency",technik-czysci-wentylacje-rotobrush,technik-czysci-wentylacje-rotobrush-2.avif,written,
M16A5457.avif,Czyścimy Wentylacje - Praca nad czyszczeniem wentylacji metodą Rotobrush,Technicy Czyścimy Wentylacje pracują nad czyszczeniem wentylacji metodą Rotobrush,Dwaj technicy firmy Czyścimy Wentylacje wykonujący usługi czyszczenia wentylacji metodą Rotobrush.,Technicy firmy Czyścimy Wentylacje pracują nad czyszczeniem wentylacji metodą Rotobrush,Dwaj technicy firmy Czyścimy Wentylacje wykonujący usługi czyszczenia wentylacji metodą Rotobrush.,"czyszczenie wentylacji, rotobrush, technicy wentylacyjni, usługa wentylacyjna, praca techniczna, czyścimy wentylacje, wideart.agency, serwis wentylacji",czyscimy-wentylacje-rotobrush,czyscimy-wentylacje-rotobrush.avif,written,
M16A5460.avif,Pracownicy Czyścimy Wentylacje przed zleceniem,Drużyna Czyścimy Wentylacje gotowa do realizacji usługi czyszczenia wentylacji metodą Roto,"Zdjęcie pokazuje dwóch pracowników firmy Czyścimy Wentylacje przed rozpoczęciem zlecenia. Stoją przed białym furgonetką z logo firmy, gotowi do realizacji usługi czyszczenia wentylacji metodą Rotobrush.",Dwa pracownicy Czyścimy Wentylacje stoją przed białym furgonetką z logo firmy,Pracownicy Czyścimy Wentylacje gotowi do rozpoczęcia czyszczenia wentylacji metodą Rotobrush. Zdjęcie wykonane przez wideart.agency.,"czyszczenie wentylacji, pracownik techniczny, wideart.agency, czyścimywentylacje, furgonetka, gotowość do pracy, czyszczenie instalacji wentylacyjnych, rotobrush",druzy-na-furgonetce-czyscimy-wentylacje,druzy-na-furgonetce-czyscimy-wentylacje.avif,written,
M16A5462.avif,Pracownicy Czyścimy Wentylacje przed zleceniem czyszczenia wentylacji,Drużyna Czyścimy Wentylacje gotowa do realizacji usługi czyszczenia wentylacji metodą Roto,Zdjęcie pokazuje dwóch pracowników firmy Czyścimy Wentylacje przed rozpoczęciem zlecenia czyszczenia wentylacji. Obydwaj noszą t-shirt'y z napisem 'Rotobrush'. Za nimi widoczny jest biały furgonetka z logo firmy.,Dwa osoby w t-shirtach Rotobrush przed białym furgonetkiem Centy Wentylacje,Pracownicy Czyścimy Wentylacje gotowi do realizacji usługi czyszczenia wentylacji metodą Rotobrush. Za nimi widoczny jest ich transport.,"czyszczenie wentylacji, rotobrush, pracownik techniczny, furgonetka, wentylacja mechaniczna, serwis wentylacji, czyścimy wentylacje, hvac",druzy-na-poczatku-zlecenia,druzy-na-poczatku-zlecenia.avif,written,
M16A5469.avif,Przygotowanie do czyszczenia wentylacji metodą Rotobrush,Technicy Czyścimy Wentylacje przed rozpoczęciem czyszczenia wentylacji,Zdjęcie pokazuje pracownika firmy Czyścimy Wentylacje przygotowującego się do realizacji usługi czyszczenia wentylacji metodą Rotobrush.,Pracownik techniczny firmy Czyścimy Wentylacje przygotowuje się do czyszczenia wentylacji metodą Rotobrush,Technicy firmy Czyścimy Wentylacje wykonują staranne przygotowania przed rozpoczęciem czyszczenia wentylacji metodą Rotobrush.,"czyszczenie wentylacji, rotobrush, serwis wentylacji, wentylacja mechaniczna, hvac, pracownik techniczny, czyścimywentylacje.com.pl, czyszczenie kanałów wentylacyjnych",technicy-przygotowanie-do-czyszczenia-wentylacji,technicy-przygotowanie-do-czyszczenia-wentylacji-2.avif,written,
